p_squared_Hd_squared,K_d,V_d_Hd_squared
1.000000000000000021e-03,1.247222222222222232e+00,6.666930555555554850e-04
8.343300000000000161e-01,3.562027777777777793e+00,5.745894783737499623e-01
1.667659999999999920e+00,5.876833333333333798e+00,1.185163205050555391e+00
2.500989999999999824e+00,8.191638888888888914e+00,1.832387873085971952e+00
3.334319999999999951e+00,1.050644444444444403e+01,2.516263482479999869e+00
4.167650000000000077e+00,1.282124999999999915e+01,3.236790033232639363e+00
5.000980000000000203e+00,1.513605555555555426e+01,3.993967525343888880e+00
5.834310000000000329e+00,1.745086111111110938e+01,4.787795958813750197e+00
6.667640000000000455e+00,1.976566666666667160e+01,5.618275333642222868e+00
7.500970000000000582e+00,2.208047222222222317e+01,6.485405649829306007e+00
8.334299999999998931e+00,2.439527777777777828e+01,7.389186907374998725e+00
9.167629999999999058e+00,2.671008333333332985e+01,8.329619106279304575e+00
1.000095999999999918e+01,2.902488888888888852e+01,9.306702246542222667e+00
1.083428999999999931e+01,3.133969444444444719e+01,1.032043632816374945e+01
1.166761999999999944e+01,3.365449999999999875e+01,1.137082135114389025e+01
1.250094999999999956e+01,3.596930555555555031e+01,1.245785731548263797e+01
1.333427999999999969e+01,3.828411111111110898e+01,1.358154422118000149e+01
1.416760999999999981e+01,4.059891666666666765e+01,1.474188206823597191e+01
1.500093999999999994e+01,4.291372222222222632e+01,1.593887085665055636e+01
1.583427000000000007e+01,4.522852777777777789e+01,1.717251058642375128e+01
1.666760000000000019e+01,4.754333333333333655e+01,1.844280125755555844e+01
1.750093000000000032e+01,4.985813888888888812e+01,1.974974287004597073e+01
1.833426000000000045e+01,5.217294444444444679e+01,2.109333542389500238e+01
1.916759000000000057e+01,5.448774999999999835e+01,2.247357891910264271e+01
2.000092000000000070e+01,5.680255555555554992e+01,2.389047335566888819e+01
2.083425000000000082e+01,5.911736111111112280e+01,2.534401873359375301e+01
2.166758000000000095e+01,6.143216666666666725e+01,2.683421505287722653e+01
2.250091000000000108e+01,6.374697222222222592e+01,2.836106231351930873e+01
2.333424000000000120e+01,6.606177777777777749e+01,2.992456051551999963e+01
2.416757000000000133e+01,6.837658333333334326e+01,3.152470965887930632e+01
2.500090000000000146e+01,7.069138888888889483e+01,3.316150974359722170e+01
2.583423000000000158e+01,7.300619444444444639e+01,3.483496076967374933e+01
2.666756000000000171e+01,7.532099999999999795e+01,3.654506273710889275e+01
2.750089000000000183e+01,7.763580555555556373e+01,3.829181564590264486e+01
2.833422000000000196e+01,7.995061111111111529e+01,4.007521949605500566e+01
2.916755000000000209e+01,8.226541666666666686e+01,4.189527428756597516e+01
3.000088000000000221e+01,8.458022222222223263e+01,4.375198002043555334e+01
3.083421000000000234e+01,8.689502777777779841e+01,4.564533669466375443e+01
3.166754000000000246e+01,8.920983333333333576e+01,4.757534431025055710e+01
3.250086999999999904e+01,9.152463888888890153e+01,4.954200286719596846e+01
3.333419999999999561e+01,9.383944444444443889e+01,5.154531236549999562e+01
3.416752999999999929e+01,9.615425000000000466e+01,5.358527280516263858e+01
3.500085999999999586e+01,9.846905555555555623e+01,5.566188418618388312e+01
3.583418999999999954e+01,1.007838611111111078e+02,5.777514650856375056e+01
3.666751999999999612e+01,1.030986666666666594e+02,5.992505977230221959e+01
3.750084999999999980e+01,1.054134722222222251e+02,6.211162397739930441e+01
3.833417999999999637e+01,1.077282777777777625e+02,6.433483912385499082e+01
3.916751000000000005e+01,1.100430833333333425e+02,6.659470521166930723e+01
4.000083999999999662e+01,1.123578888888888798e+02,6.889122224084221102e+01
4.083417000000000030e+01,1.146726944444444598e+02,7.122439021137375903e+01
4.166749999999999687e+01,1.169874999999999972e+02,7.359420912326388020e+01
4.250083000000000055e+01,1.193023055555555487e+02,7.600067897651264559e+01
4.333415999999999713e+01,1.216171111111111003e+02,7.844379977111999835e+01
4.416749000000000080e+01,1.239319166666666803e+02,8.092357150708596691e+01
4.500081999999999738e+01,1.262467222222222034e+02,8.343999418441055127e+01
4.583415000000000106e+01,1.285615277777777692e+02,8.599306780309376563e+01
4.666747999999999763e+01,1.308763333333332923e+02,8.858279236313555316e+01
4.750081000000000131e+01,1.331911388888889007e+02,9.120916786453595648e+01
4.833413999999999788e+01,1.355059444444444523e+02,9.387219430729498981e+01
4.916747000000000156e+01,1.378207499999999754e+02,9.657187169141263894e+01
5.000079999999999814e+01,1.401355555555555554e+02,9.930820001688887544e+01
5.083413000000000181e+01,1.424503611111111070e+02,1.020811792837237419e+02
5.166745999999999839e+01,1.447651666666666586e+02,1.048908094919172100e+02
5.250079000000000207e+01,1.470799722222222385e+02,1.077370906414693081e+02
5.333411999999999864e+01,1.493947777777777901e+02,1.106200227323799936e+02
5.416744999999999521e+01,1.517095833333333132e+02,1.135396057646492807e+02
5.500077999999999889e+01,1.540243888888888932e+02,1.164958397382772119e+02
5.583410999999999547e+01,1.563391944444444164e+02,1.194887246532637448e+02
5.666743999999999915e+01,1.586539999999999964e+02,1.225182605096088650e+02
5.750076999999999572e+01,1.609688055555555479e+02,1.255844473073126153e+02
5.833409999999999940e+01,1.632836111111110995e+02,1.286872850463749955e+02
5.916742999999999597e+01,1.655984166666666511e+02,1.318267737267959490e+02
6.000075999999999965e+01,1.679132222222222026e+02,1.350029133485755608e+02
6.083408999999999622e+01,1.702280277777777542e+02,1.382157039117137458e+02
6.166741999999999990e+01,1.725428333333333342e+02,1.414651454162105324e+02
6.250074999999999648e+01,1.748576388888888857e+02,1.447512378620659490e+02
6.333408000000000015e+01,1.771724444444444373e+02,1.480739812492799956e+02
6.416741000000000383e+01,1.794872500000000173e+02,1.514333755778526438e+02
6.500074000000000751e+01,1.818020555555555688e+02,1.548294208477839220e+02
6.583407000000001119e+01,1.841168611111111488e+02,1.582621170590738018e+02
6.666740000000000066e+01,1.864316666666667004e+02,1.617314642117221979e+02
6.750073000000000434e+01,1.887464722222222235e+02,1.652374623057293093e+02
6.833406000000000802e+01,1.910612777777777751e+02,1.687801113410950222e+02
6.916739000000001170e+01,1.933760833333333835e+02,1.723594113178193368e+02
7.000072000000000116e+01,1.956908888888889066e+02,1.759753622359021961e+02
7.083405000000000484e+01,1.980056944444444866e+02,1.796279640953437706e+02
7.166738000000000852e+01,2.003205000000000382e+02,1.833172168961439183e+02
7.250071000000001220e+01,2.026353055555555898e+02,1.870431206383026961e+02
7.333404000000000167e+01,2.049501111111110845e+02,1.908056753218199901e+02
7.416737000000000535e+01,2.072649166666666645e+02,1.946048809466959710e+02
7.500070000000000903e+01,2.095797222222222729e+02,1.984407375129305819e+02
7.583403000000001271e+01,2.118945277777778244e+02,2.023132450205237660e+02
7.666736000000000217e+01,2.142093333333333476e+02,2.062224034694755233e+02
7.750069000000000585e+01,2.165241388888888991e+02,2.101682128597859958e+02
7.833402000000000953e+01,2.188389444444444507e+02,2.141506731914550414e+02
7.916735000000001321e+01,2.211537500000000307e+02,2.181697844644826887e+02
8.000068000000000268e+01,2.234685555555555823e+02,2.222255466788689091e+02
8.083401000000000636e+01,2.257833611111111338e+02,2.263179598346137880e+02
8.166734000000001004e+01,2.280981666666666854e+02,2.304470239317172400e+02
8.250066999999999950e+01,2.304129722222221801e+02,2.346127389701792936e+02
8.333400000000000318e+01,2.327277777777777885e+02,2.388151049500000056e+02
8.416733000000000686e+01,2.350425833333333685e+02,2.430541218711793476e+02
8.500066000000001054e+01,2.373573888888889201e+02,2.473297897337172628e+02
8.583399000000000001e+01,2.396721944444444716e+02,2.516421085376137512e+02
8.666732000000000369e+01,2.419869999999999948e+02,2.559910782828688696e+02
8.750065000000000737e+01,2.443018055555555463e+02,2.603766989694826748e+02
8.833398000000001105e+01,2.466166111111111547e+02,2.647989705974550247e+02
8.916731000000000051e+01,2.489314166666667063e+02,2.692578931667859479e+02
9.000064000000000419e+01,2.512462222222222294e+02,2.737534666774755578e+02
9.083397000000000787e+01,2.535610277777777810e+02,2.782856911295237978e+02
9.166730000000001155e+01,2.558758333333333894e+02,2.828545665229306110e+02
9.250063000000000102e+01,2.581906388888888841e+02,2.874600928576959404e+02
9.333396000000000470e+01,2.605054444444444925e+02,2.921022701338200136e+02
9.416729000000000838e+01,2.628202500000000441e+02,2.967810983513026031e+02
9.500062000000001206e+01,2.651350555555555388e+02,3.014965775101439363e+02
9.583395000000000152e+01,2.674498611111110904e+02,3.062487076103437289e+02
9.666728000000000520e+01,2.697646666666666988e+02,3.110374886519022652e+02
9.750061000000000888e+01,2.720794722222222504e+02,3.158629206348192611e+02
9.833394000000001256e+01,2.743942777777778588e+02,3.207250035590950006e+02
9.916727000000000203e+01,2.767090833333332967e+02,3.256237374247293133e+02
1.000006000000000057e+02,2.790238888888889051e+02,3.305591222317221991e+02
1.008339300000000094e+02,2.813386944444444566e+02,3.355311579800737718e+02
1.016672600000000131e+02,2.836535000000000650e+02,3.405398446697840313e+02
1.025005900000000025e+02,2.859683055555555597e+02,3.455851823008526935e+02
1.033339200000000062e+02,2.882831111111111113e+02,3.506671708732799857e+02
1.041672500000000099e+02,2.905979166666666629e+02,3.557858103870660216e+02
1.050005800000000136e+02,2.929127222222222713e+02,3.609411008422106306e+02
1.058339100000000030e+02,2.952275277777778228e+02,3.661330422387137560e+02
1.066672400000000067e+02,2.975423333333333744e+02,3.713616345765755682e+02
1.075005700000000104e+02,2.998571388888888691e+02,3.766268778557960104e+02
1.083338999999999999e+02,3.021719444444444775e+02,3.819287720763750258e+02
1.091672300000000035e+02,3.044867499999999723e+02,3.872673172383126712e+02
1.100005600000000072e+02,3.068015555555555807e+02,3.926425133416088897e+02
1.108338900000000109e+02,3.091163611111111891e+02,3.980543603862637383e+02
1.116672200000000004e+02,3.114311666666666838e+02,4.035028583722772737e+02
1.125005500000000040e+02,3.137459722222222922e+02,4.089880072996492686e+02
1.133338800000000077e+02,3.160607777777777869e+02,4.145098071683800072e+02
1.141672100000000114e+02,3.183755833333333385e+02,4.200682579784694326e+02
1.150005400000000009e+02,3.206903888888888901e+02,4.256633597299172038e+02
1.158338700000000046e+02,3.230051944444444416e+02,4.312951124227237187e+02
1.166672000000000082e+02,3.253200000000000500e+02,4.369635160568889205e+02
1.175005300000000119e+02,3.276348055555556016e+02,4.426685706324128091e+02
1.183338600000000014e+02,3.299496111111110963e+02,4.484102761492950435e+02
1.191671900000000051e+02,3.322644166666667047e+02,4.541886326075359648e+02
1.200000000000000000e+02,3.345777777777777828e+02,4.600000000000000000e+02
1.200005200000000087e+02,3.345792222222222563e+02,4.600036400071356297e+02
1.208338500000000124e+02,3.368940277777778078e+02,4.658552983480938678e+02
1.216671800000000019e+02,3.392088333333333026e+02,4.717436076304106223e+02
1.225005100000000056e+02,3.415236388888888541e+02,4.776685678540859499e+02
1.233338400000000092e+02,3.438384444444444625e+02,4.836301790191200212e+02
1.241671700000000129e+02,3.461532500000000709e+02,4.896284411255128362e+02
1.250005000000000024e+02,3.484680555555555657e+02,4.956633541732638832e+02
1.258338300000000061e+02,3.507828611111111172e+02,5.017349181623737309e+02
1.266671600000000097e+02,3.530976666666666688e+02,5.078431330928422653e+02
1.275004900000000134e+02,3.554124722222222204e+02,5.139879989646694867e+02
1.283338200000000029e+02,3.577272777777777719e+02,5.201695157778550538e+02
1.291671500000000208e+02,3.600420833333334372e+02,5.263876835323994783e+02
1.300004800000000103e+02,3.623568888888888750e+02,5.326425022283023054e+02
1.308338099999999997e+02,3.646716944444444835e+02,5.389339718655637625e+02
1.316671400000000176e+02,3.669865000000000350e+02,5.452620924441839634e+02
1.325004700000000071e+02,3.693013055555555866e+02,5.516268639641626805e+02
1.333337999999999965e+02,3.716161111111111381e+02,5.580282864254999140e+02
1.341671300000000144e+02,3.739309166666666897e+02,5.644663598281961185e+02
1.350004600000000039e+02,3.762457222222222413e+02,5.709410841722506120e+02
1.358337899999999934e+02,3.785605277777777360e+02,5.774524594576637355e+02
1.366671200000000113e+02,3.808753333333334012e+02,5.840004856844356027e+02
1.375004500000000007e+02,3.831901388888888960e+02,5.905851628525659862e+02
1.383337800000000186e+02,3.855049444444445044e+02,5.972064909620552271e+02
1.391671100000000081e+02,3.878197500000000559e+02,6.038644700129026432e+02
1.400004399999999976e+02,3.901345555555554938e+02,6.105591000051089168e+02
1.408337700000000154e+02,3.924493611111111591e+02,6.172903809386740477e+02
1.416671000000000049e+02,3.947641666666666538e+02,6.240583128135972402e+02
1.425004299999999944e+02,3.970789722222221485e+02,6.308628956298792900e+02
1.433337600000000123e+02,3.993937777777778706e+02,6.377041293875200836e+02
1.441670900000000017e+02,4.017085833333333653e+02,6.445820140865192798e+02
1.450004200000000196e+02,4.040233888888889169e+02,6.514965497268773333e+02
1.458337500000000091e+02,4.063381944444444684e+02,6.584477363085937895e+02
1.466670799999999986e+02,4.086530000000000200e+02,6.654355738316688758e+02
1.475004100000000165e+02,4.109678055555556284e+02,6.724600622961028193e+02
1.483337400000000059e+02,4.132826111111111231e+02,6.795212017018950519e+02
1.491670699999999954e+02,4.155974166666667315e+02,6.866189920490460281e+02
1.500004000000000133e+02,4.179122222222222263e+02,6.937534333375556344e+02
1.508337300000000027e+02,4.202270277777778347e+02,7.009245255674237569e+02
1.516670600000000206e+02,4.225418333333333862e+02,7.081322687386507369e+02
1.525003900000000101e+02,4.248566388888888810e+02,7.153766628512360057e+02
1.533337199999999996e+02,4.271714444444444894e+02,7.226577079051800183e+02
1.541670500000000175e+02,4.294862500000000978e+02,7.299754039004827746e+02
1.550003800000000069e+02,4.318010555555555925e+02,7.373297508371439335e+02
1.558337099999999964e+02,4.341158611111110872e+02,7.447207487151638361e+02
1.566670400000000143e+02,4.364306666666666956e+02,7.521483975345424824e+02
1.575003700000000038e+02,4.387454722222222472e+02,7.596126972952793039e+02
1.583337000000000216e+02,4.410602777777778556e+02,7.671136479973750966e+02
1.591670300000000111e+02,4.433750833333333503e+02,7.746512496408294055e+02
1.600003600000000006e+02,4.456898888888888450e+02,7.822255022256422308e+02
1.608336900000000185e+02,4.480046944444444534e+02,7.898364057518140271e+02
1.616670200000000079e+02,4.503195000000000618e+02,7.974839602193439987e+02
1.625003499999999974e+02,4.526343055555555566e+02,8.051681656282327140e+02
1.633336800000000153e+02,4.549491111111111650e+02,8.128890219784801729e+02
1.641670100000000048e+02,4.572639166666666597e+02,8.206465292700860346e+02
1.650003399999999942e+02,4.595787222222222113e+02,8.284406875030505262e+02
1.658336700000000121e+02,4.618935277777778197e+02,8.362714966773738752e+02
1.666670000000000016e+02,4.642083333333333144e+02,8.441389567930555131e+02
1.675003300000000195e+02,4.665231388888889228e+02,8.520430678500961221e+02
1.683336600000000089e+02,4.688379444444444175e+02,8.599838298484951338e+02
1.691669899999999984e+02,4.711527500000000259e+02,8.679612427882526617e+02
1.700003200000000163e+02,4.734675555555556343e+02,8.759753066693690471e+02
1.708336500000000058e+02,4.757823611111111290e+02,8.840260214918437214e+02
1.716669799999999952e+02,4.780971666666666806e+02,8.921133872556771394e+02
1.725003100000000131e+02,4.804119722222222890e+02,9.002374039608695284e+02
1.733336400000000026e+02,4.827267777777777269e+02,9.083980716074198654e+02
1.741669700000000205e+02,4.850415833333333921e+02,9.165953901953294007e+02
1.750003000000000100e+02,4.873563888888888869e+02,9.248293597245973388e+02
1.758336299999999994e+02,4.896711944444444953e+02,9.330999801952237931e+02
1.766669600000000173e+02,4.919860000000000468e+02,9.414072516072089911e+02
1.775002900000000068e+02,4.943008055555556552e+02,9.497511739605527055e+02
1.783336199999999963e+02,4.966156111111110931e+02,9.581317472552549361e+02
1.791669500000000141e+02,4.989304166666666447e+02,9.665489714913160242e+02
1.800002800000000036e+02,5.012452222222222531e+02,9.750028466687355149e+02
1.808336100000000215e+02,5.035600277777778615e+02,9.834933727875138629e+02
1.816669400000000110e+02,5.058748333333333562e+02,9.920205498476507273e+02
1.825002700000000004e+02,5.081896388888888509e+02,1.000584377849145994e+03
1.833336000000000183e+02,5.105044444444444594e+02,1.009184856792000119e+03
1.841669300000000078e+02,5.128192500000000109e+02,1.017821986676212759e+03
1.850002599999999973e+02,5.151340555555555056e+02,1.026495767501783803e+03
1.858335900000000152e+02,5.174488611111112277e+02,1.035206199268713817e+03
1.866669200000000046e+02,5.197636666666667224e+02,1.043953281977002234e+03
1.875002499999999941e+02,5.220784722222221035e+02,1.052737015626649281e+03
1.883335800000000120e+02,5.243932777777778256e+02,1.061557400217655186e+03
1.891669100000000014e+02,5.267080833333333203e+02,1.070414435750019493e+03
1.900002400000000193e+02,5.290228888888889287e+02,1.079308122223742430e+03
1.908335700000000088e+02,5.313376944444445371e+02,1.088238459638823770e+03
1.916668999999999983e+02,5.336525000000000318e+02,1.097205447995263739e+03
1.925002300000000162e+02,5.359673055555556402e+02,1.106209087293062794e+03
1.933335600000000056e+02,5.382821111111111350e+02,1.115249377532220024e+03
1.941668899999999951e+02,5.405969166666666297e+02,1.124326318712735883e+03
1.950002200000000130e+02,5.429117222222222381e+02,1.133439910834610600e+03
1.958335500000000025e+02,5.452265277777777328e+02,1.142590153897843720e+03
1.966668800000000203e+02,5.475413333333334549e+02,1.151777047902435697e+03
1.975002100000000098e+02,5.498561388888888359e+02,1.161000592848386077e+03
1.983335399999999993e+02,5.521709444444444443e+02,1.170260788735695087e+03
1.991668700000000172e+02,5.544857500000000528e+02,1.179557635564362727e+03
2.000002000000000066e+02,5.568005555555556612e+02,1.188891133334388769e+03
2.008335299999999961e+02,5.591153611111110422e+02,1.198261282045773669e+03
2.016668600000000140e+02,5.614301666666666506e+02,1.207668081698517426e+03
2.025001900000000035e+02,5.637449722222222590e+02,1.217111532292619358e+03
2.033335200000000214e+02,5.660597777777778674e+02,1.226591633828080148e+03
2.041668500000000108e+02,5.683745833333333621e+02,1.236108386304899341e+03
2.050001800000000003e+02,5.706893888888889705e+02,1.245661789723077163e+03
2.058335100000000182e+02,5.730041944444444653e+02,1.255251844082613843e+03
2.066668400000000076e+02,5.753190000000000737e+02,1.264878549383508926e+03
2.075001699999999971e+02,5.776338055555555684e+02,1.274541905625762411e+03
2.083335000000000150e+02,5.799486111111111768e+02,1.284241912809374980e+03
2.091668300000000045e+02,5.822634166666666715e+02,1.293978570934346180e+03
2.100001600000000224e+02,5.845782222222222799e+02,1.303751880000676010e+03
2.108334900000000118e+02,5.868930277777777746e+02,1.313561840008363788e+03
2.116668200000000013e+02,5.892078333333332694e+02,1.323408450957410423e+03
2.125001500000000192e+02,5.915226388888888778e+02,1.333291712847816143e+03
2.133334800000000087e+02,5.938374444444444862e+02,1.343211625679580038e+03
2.141668099999999981e+02,5.961522500000000946e+02,1.353168189452702563e+03
2.150001400000000160e+02,5.984670555555557030e+02,1.363161404167183946e+03
2.158334700000000055e+02,6.007818611111110840e+02,1.373191269823023731e+03
2.166667999999999950e+02,6.030966666666666924e+02,1.383257786420222146e+03
2.175001300000000128e+02,6.054114722222223008e+02,1.393360953958779646e+03
2.183334600000000023e+02,6.077262777777777956e+02,1.403500772438695094e+03
2.191667900000000202e+02,6.100410833333334040e+02,1.413677241859969627e+03
2.200001200000000097e+02,6.123558888888888987e+02,1.423890362222602107e+03
2.208334499999999991e+02,6.146706944444443934e+02,1.434140133526593900e+03
2.216667800000000170e+02,6.169855000000000018e+02,1.444426555771943868e+03
2.225001100000000065e+02,6.193003055555556102e+02,1.454749628958652693e+03
2.233334399999999960e+02,6.216151111111111049e+02,1.465109353086720148e+03
2.241667700000000139e+02,6.239299166666667134e+02,1.475505728156146006e+03
2.250001000000000033e+02,6.262447222222222081e+02,1.485938754166930494e+03
2.258334300000000212e+02,6.285595277777778165e+02,1.496408431119074066e+03
2.266667600000000107e+02,6.308743333333333112e+02,1.506914759012575587e+03
2.275000900000000001e+02,6.331891388888889196e+02,1.517457737847435965e+03
2.283334200000000180e+02,6.355039444444445280e+02,1.528037367623655200e+03
2.291667500000000075e+02,6.378187500000001364e+02,1.538653648341232838e+03
2.300000799999999970e+02,6.401335555555555175e+02,1.549306580000168879e+03
2.308334100000000149e+02,6.424483611111111259e+02,1.559996162600463549e+03
2.316667400000000043e+02,6.447631666666667343e+02,1.570722396142117077e+03
2.325000700000000222e+02,6.470779722222222290e+02,1.581485280625129917e+03
2.333334000000000117e+02,6.493927777777778374e+02,1.592284816049500023e+03
2.341667300000000012e+02,6.517075833333333321e+02,1.603121002415229214e+03
2.350000600000000190e+02,6.540223888888888268e+02,1.613993839722317489e+03
2.358333900000000085e+02,6.563371944444444352e+02,1.624903327970763712e+03
2.366667199999999980e+02,6.586520000000000437e+02,1.635849467160569020e+03
2.375000500000000159e+02,6.609668055555556521e+02,1.646832257291732503e+03
2.383333800000000053e+02,6.632816111111110331e+02,1.657851698364254844e+03
2.391667100000000232e+02,6.655964166666668689e+02,1.668907790378136497e+03
2.400000400000000127e+02,6.679112222222222499e+02,1.680000533333375643e+03
2.408333700000000022e+02,6.702260277777777446e+02,1.691129927229973646e+03
2.416667000000000201e+02,6.725408333333334667e+02,1.702295972067930734e+03
2.425000300000000095e+02,6.748556388888889614e+02,1.713498667847246224e+03
2.433333599999999990e+02,6.771704444444444562e+02,1.724738014567920118e+03
2.441666900000000169e+02,6.794852500000000646e+02,1.736014012229952641e+03
2.450000200000000063e+02,6.818000555555555593e+02,1.747326660833343794e+03
2.458333499999999958e+02,6.841148611111111677e+02,1.758675960378093578e+03
2.466666800000000137e+02,6.864296666666666624e+02,1.770061910864202446e+03
2.475000100000000032e+02,6.887444722222222708e+02,1.781484512291669489e+03
2.483333400000000211e+02,6.910592777777777656e+02,1.792943764660495162e+03
2.491666700000000105e+02,6.933740833333332603e+02,1.804439667970679693e+03
2.500000000000000000e+02,6.956888888888888687e+02,1.815972222222222172e+03
