j,k_Hd,maximum_observable_response,a_at_max,channel_at_max,channel_refinement,pointwise_refinement,lapse_residual,shift_residual,slip_residual,nfev
0.000000000000000000e+00,2.999999999999999889e-02,1.005454075522536517e+00,3.147748314101316058e+00,3.000000000000000000e+00,1.232115104388142868e-12,1.232115104388142868e-12,2.775557561562891351e-17,1.714394685242703886e-18,3.374456839130474703e-18,6.932000000000000000e+03
1.000000000000000000e+00,3.867544954725395112e-02,1.005453111719320392e+00,3.147748314101316058e+00,3.000000000000000000e+00,1.182859366011257407e-12,1.182859366011257407e-12,4.163336342344337027e-17,1.666960840196463067e-18,3.017793102609860230e-18,6.932000000000000000e+03
2.000000000000000000e+00,4.985967992273953459e-02,1.005451510661224956e+00,3.147748314101316058e+00,3.000000000000000000e+00,1.181509751146947451e-12,1.181509751146947451e-12,2.775557561562891351e-17,1.626303258728256651e-18,3.083729323597687172e-18,6.932000000000000000e+03
3.000000000000000000e+00,6.427818450980478382e-02,1.005448851851473258e+00,3.147748314101316058e+00,3.000000000000000000e+00,8.612017349252099052e-13,8.612017349252099052e-13,4.163336342344337027e-17,1.334923924872777334e-18,3.231218935538342218e-18,6.932000000000000000e+03
4.000000000000000000e+00,8.286625606660118215e-02,1.005444438814029784e+00,3.147748314101316058e+00,3.000000000000000000e+00,1.567329599438949117e-12,1.567329599438949117e-12,2.775557561562891351e-17,1.572093150103981429e-18,2.886608874903850465e-18,6.932000000000000000e+03
5.000000000000000000e+00,1.068296568557886989e-01,1.005437120579735666e+00,3.147748314101316058e+00,3.000000000000000000e+00,5.842375194742288613e-13,5.842375194742288613e-13,2.775557561562891351e-17,1.544988095791843818e-18,2.330822912607020958e-18,6.932000000000000000e+03
6.000000000000000000e+00,1.377228334625502648e-01,1.005425002244155763e+00,3.147748314101316058e+00,3.000000000000000000e+00,3.844893153859274548e-13,3.844893153859274548e-13,4.163336342344337027e-17,1.653408313040394262e-18,3.329739455215858027e-18,6.932000000000000000e+03
7.000000000000000000e+00,1.775497499028574067e-01,1.005404983612544489e+00,3.147748314101316058e+00,3.000000000000000000e+00,1.142808070397904885e-12,1.142808070397904885e-12,2.775557561562891351e-17,1.639855785884325456e-18,4.475827972410129779e-18,6.932000000000000000e+03
8.000000000000000000e+00,2.288938798165172928e-01,1.005372045160359828e+00,3.147748314101316058e+00,3.000000000000000000e+00,1.115958020436735865e-12,1.115958020436735865e-12,2.775557561562891351e-17,1.118083490375676448e-18,3.197125859411356630e-18,6.932000000000000000e+03
9.000000000000000000e+00,2.950857900172974557e-01,1.005318199768389098e+00,3.147748314101316058e+00,3.000000000000000000e+00,1.073151983943532173e-12,1.073151983943532173e-12,2.775557561562891351e-17,8.605854744103691445e-19,2.583450489125616034e-18,6.932000000000000000e+03
1.000000000000000000e+01,3.804191861308520162e-01,1.005231101965042173e+00,3.147748314101316058e+00,3.000000000000000000e+00,1.134595889462630680e-12,1.134595889462630680e-12,2.775557561562891351e-17,8.402566836762659364e-19,2.795632242412818269e-18,6.932000000000000000e+03
1.100000000000000000e+01,4.904294346670394211e-01,1.005092579201382952e+00,3.147748314101316058e+00,3.000000000000000000e+00,9.099179743010665788e-13,9.099179743010665788e-13,2.775557561562891351e-17,8.605854744103691445e-19,3.166209156836574667e-18,6.932000000000000000e+03
1.200000000000000000e+01,6.322526285651118849e-01,1.004878024343094589e+00,3.147748314101316058e+00,3.000000000000000000e+00,8.896511999312295416e-13,8.896511999312295416e-13,2.775557561562891351e-17,8.605854744103691445e-19,2.537710709973883816e-18,6.932000000000000000e+03
1.300000000000000000e+01,8.150884879062894051e-01,1.004558740091857638e+00,3.147748314101316058e+00,3.000000000000000000e+00,1.045039055291852037e-12,1.045039055291852037e-12,4.163336342344337027e-17,8.673617379884035472e-19,2.859583229930517945e-18,6.932000000000000000e+03
1.400000000000000000e+01,1.050797123018907264e+00,1.004110165271843380e+00,3.140508693876217450e+00,3.000000000000000000e+00,1.153983159030147476e-12,1.153983159030147476e-12,2.775557561562891351e-17,8.673617379884035472e-19,2.629190268277348252e-18,6.932000000000000000e+03
1.500000000000000000e+01,1.354668370523911314e+00,1.003526825033196346e+00,3.118889584093937462e+00,3.000000000000000000e+00,4.816147480823929072e-13,4.816147480823929072e-13,4.163336342344337027e-17,8.605854744103691445e-19,1.741923256028468647e-18,6.932000000000000000e+03
1.600000000000000000e+01,1.746413607248608724e+00,1.002837412326374800e+00,3.061963433690677583e+00,3.000000000000000000e+00,1.286002554445886403e-13,1.286002554445886403e-13,2.775557561562891351e-17,4.336808689942017736e-19,1.538211832213809416e-18,6.932000000000000000e+03
1.700000000000000000e+01,2.251444378526044510e+00,1.002106829876752814e+00,2.937649651961530939e+00,3.000000000000000000e+00,1.281665745755944386e-13,1.281665745755944386e-13,4.163336342344337027e-17,4.336808689942017736e-19,9.486769009248163798e-19,6.932000000000000000e+03
1.800000000000000000e+01,2.902520782337752348e+00,1.001420284550301742e+00,2.697739432444920205e+00,3.000000000000000000e+00,4.127427566391617120e-14,4.127427566391617120e-14,2.775557561562891351e-17,2.168404344971008868e-19,8.809142651444723526e-19,6.932000000000000000e+03
1.900000000000000000e+01,3.741876535905328094e+00,1.000864989560400486e+00,2.285598803375430421e+00,3.000000000000000000e+00,4.745596277055952328e-14,4.745596277055952328e-14,2.775557561562891351e-17,2.168404344971008868e-19,6.572975670693370631e-19,6.932000000000000000e+03
2.000000000000000000e+01,4.823958572548661117e+00,1.000527773783222107e+00,1.678804018122560526e+00,3.000000000000000000e+00,8.493206138382447534e-15,8.493206138382447534e-15,2.775557561562891351e-17,2.134523027080836854e-19,4.811147140404425926e-19,6.932000000000000000e+03
2.100000000000000000e+01,6.218958879688300634e+00,1.000383100147827609e+00,1.458814260275348440e+00,3.000000000000000000e+00,4.546276549666217193e-15,4.546276549666217193e-15,2.775557561562891351e-17,1.084202172485504434e-19,4.201283418381329682e-19,6.932000000000000000e+03
2.200000000000000000e+01,8.017367679594396890e+00,1.000331619550166806e+00,1.386755828871888419e+00,3.000000000000000000e+00,1.967176421757699245e-15,1.967176421757699245e-15,1.387778780781445676e-17,1.075731843012961431e-19,2.574980159653073031e-19,6.932000000000000000e+03
2.300000000000000000e+01,1.033584330646458760e+01,1.000360735872968698e+00,1.370881766164853577e+00,3.000000000000000000e+00,2.220446049250313081e-15,2.220446049250313081e-15,2.775557561562891351e-17,5.336307567702092136e-20,1.626303258728256651e-19,6.917000000000000000e+03
2.400000000000000000e+01,1.332477954424977540e+01,1.000487778272176609e+00,1.386755828871888419e+00,3.000000000000000000e+00,2.886042138852405253e-15,2.886579864025407005e-15,2.775557561562891351e-17,3.823559663465115124e-20,1.897353801849632760e-19,6.917000000000000000e+03
2.500000000000000000e+01,1.717806129973046225e+01,1.000754019497429814e+00,1.406047524129913961e+00,3.000000000000000000e+00,4.327450962178894134e-15,4.329869796038110508e-15,4.163336342344337027e-17,2.710505431213761085e-20,1.423015351387224570e-19,6.917000000000000000e+03
2.600000000000000000e+01,2.214564143724537715e+01,1.001224796196486411e+00,1.419057521689092161e+00,3.000000000000000000e+00,6.321278381235907922e-15,6.328271240363392280e-15,2.775557561562891351e-17,1.344664803766201788e-20,9.867933835512598950e-20,6.917000000000000000e+03
2.700000000000000000e+01,2.854975460325867331e+01,1.001992378892997415e+00,1.422328787122819849e+00,3.000000000000000000e+00,7.202100347346215864e-15,7.216449660063517513e-15,1.387778780781445676e-17,6.776263578034402713e-21,9.486769009248163798e-20,6.917000000000000000e+03
2.800000000000000000e+01,3.680581979149374661e+01,1.003171895035653405e+00,1.412537544622754382e+00,3.000000000000000000e+00,1.106712648270213444e-14,1.110223024625156540e-14,2.775557561562891351e-17,6.749793798432705827e-21,7.962109704190423187e-20,6.917000000000000000e+03
2.900000000000000000e+01,4.744938754637453826e+01,1.004875531474295203e+00,1.389952631213353218e+00,3.000000000000000000e+00,5.151695042782122869e-15,5.151695042782122869e-15,2.775557561562891351e-17,3.361662009415504471e-21,1.101142831430590441e-19,6.917000000000000000e+03
3.000000000000000000e+01,6.117087980326363095e+01,1.007156873501499073e+00,1.352072563194277155e+00,3.000000000000000000e+00,4.271778243636337180e-14,4.271778243636337180e-14,2.775557561562891351e-17,1.680831004707752235e-21,7.453889935837842984e-20,6.917000000000000000e+03
3.100000000000000000e+01,7.886037585307529696e+01,1.009947910712141628e+00,1.309181922999407055e+00,3.000000000000000000e+00,3.368711559703641001e-13,3.368711559703641001e-13,2.775557561562891351e-17,8.470329472543003391e-22,5.505714157152952204e-20,6.917000000000000000e+03
3.200000000000000000e+01,1.016653495861032752e+02,1.013047595574408266e+00,1.258925411794167282e+00,3.000000000000000000e+00,1.136774268467588556e-12,1.136774268467588556e-12,2.775557561562891351e-17,7.477712737479370181e-22,6.776263578034402713e-20,6.944000000000000000e+03
3.300000000000000000e+01,1.310651032873757629e+02,1.016196567180540189e+00,1.210598133550482292e+00,3.000000000000000000e+00,1.509100570201704627e-12,1.509100570201704627e-12,4.163336342344337027e-17,4.173126190330024620e-22,1.185846126156020475e-19,6.986000000000000000e+03
3.400000000000000000e+01,1.689667263198841738e+02,1.019184621088169873e+00,1.166809617060962534e+00,3.000000000000000000e+00,2.161714858224354774e-12,2.161714858224354774e-12,5.551115123125782702e-17,2.092766949759160017e-22,5.759824041329242306e-20,7.274000000000000000e+03
3.500000000000000000e+01,2.178288032983116409e+02,1.021902985955725374e+00,1.132400363235557039e+00,3.000000000000000000e+00,3.273723333434633287e-12,3.273723333434633287e-12,6.938893903907228378e-17,2.092766949759160017e-22,6.098637220230962441e-20,7.883000000000000000e+03
3.600000000000000000e+01,2.808208963967519480e+02,1.024365033915861645e+00,1.101539309541414990e+00,3.000000000000000000e+00,4.754031098907346431e-12,4.754031098907346431e-12,8.326672684688674053e-17,1.042247571816814870e-22,5.717472393966527289e-20,8.888000000000000000e+03
3.700000000000000000e+01,3.620291470135737768e+02,1.026695599661674008e+00,1.081433951297938068e+00,3.000000000000000000e+00,6.847305898281461078e-12,6.847305898281461078e-12,1.665334536937734811e-16,5.273276405025551427e-23,8.809142651444723526e-20,1.040000000000000000e+04
3.800000000000000000e+01,4.667213336652952762e+02,1.029138034055089967e+00,1.064143018224316117e+00,3.000000000000000000e+00,9.479684317257111581e-12,9.479684317257111581e-12,1.526556658859590243e-16,2.646977960169688560e-23,6.733911930671687696e-20,1.247000000000000000e+04
3.900000000000000000e+01,6.016885797599729813e+02,1.032143912196946456e+00,1.051961873823222815e+00,3.000000000000000000e+00,1.226173614141297386e-11,1.226173614141297386e-11,2.342412824032070153e-16,2.109310562010220571e-23,5.082197683525802034e-20,1.526000000000000000e+04
4.000000000000000000e+01,7.756858769888574443e+02,1.036864921626308611e+00,1.042317429393304185e+00,3.000000000000000000e+00,1.630652177956465332e-11,1.630652177956465332e-11,2.692969716547529054e-16,1.214921524687259397e-23,8.978549240895583594e-20,1.904600000000000000e+04
4.100000000000000000e+01,1.000000000000000000e+03,1.046316863893860694e+00,1.035142166679343889e+00,3.000000000000000000e+00,2.130491537854183048e-11,2.130491537854183048e-11,2.567039621923735695e-16,6.617444900424221399e-24,1.389134033497052556e-19,2.401400000000000000e+04
