index,Q_exact,Q_approx,a_approx,H_over_sqrt_kappa_approx,Qdot_over_sqrt_kappa_approx,sqrt_kappa_dNT_dH_approx
0,101/100 + 0/20000,1.01,4.641511470575362772235949248069943686924733657124741662893484352773550465624489960851,-0.05788063518372862679203113392846967186713572898454017073244603639786258556345243149031,0.001736245413606307617880557924452304746998470462349251501461183753826683979146882587415,0.3370196863179230173261494539682969927470536075030635791195245339858591414244616629825
1,101/100 + 1/20000,1.01005,4.633800530126978242654485190106692206986176206593635871954504000818033763450719111498,-0.05802589264543618974089328269629416361164932597111985744854795459106632829927189650721,0.001749303961339210212524990190393635229485732581856214801366652129932424735291802656319,0.3378147910885123115898597865904895661805291271378816830452875993395340801103052503475
2,101/100 + 2/20000,1.0101,4.626140564850218336056159246213366546553000845124603686220536286245795858941420642246,-0.05817079476997891754565952941778775431204381026384828322627038154671154963018598668342,0.001762395281246294289487305109682512927231761091845327022305823632064226078425748805751,0.3386075812977572287377815526602212940072355262219029112461657733844056410196782651855
3,101/100 + 3/20000,1.01015,4.618530987836052796607378591576780343321809724161245264653624775522953752433009837741,-0.0583153442072900895057284087214525287961329874461338949502379590077920450695667556996,0.001775519293828878491157586181661359948918395924588987395160833895182752018574228897072,0.3393980733545294122807070449469302167250731507063856284570167373297041525999780303154
4,101/100 + 4/20000,1.0102,4.610971221781254599790996756714039784484541702287980622632695993776380374099310240304,-0.05845954357467842873643571172271151457449702745030706188267940216947917474840959330473,0.001788675920179206527296925172308674840256733321454876637240410523057010341333104324382,0.3401862834683078459671601061907270719417158219593083098810272487639135884690299439829
5,101/100 + 5/20000,1.01025,4.60346069878501807253367815372621053635912440631269390504322026550988809958666102995,-0.05860339545738739395582655204701165569222071438751424568735925850291523550847639224688,0.001801865081973178679927033841611531908301944926297798904761593207365177269028782825587,0.340972227652578906742259203045143223593377456947384823030216559726358399495857382341
6,101/100 + 6/20000,1.0103,4.595998860150851144767712874243116105751240600378735799873340663269111159240404744492,-0.05874690240914220600351188373035930981830419659119962417137011431007155406214426730788,0.001815086701463207661302498408677583600372980196398582851520170805928511915843090865657,0.3417559217281620716576976508341675684656445846846729262627770915283472556290670008223
7,101/100 + 7/20000,1.01035,4.588585156193580104211275488551517584893672415611679626107644418472027466290531135081,-0.05889006695268493622091507005612361105744592742291522449092251547970373030261193211156,0.001828340701471196103955318834781553818831329232626778504061135934940343890719628437039,0.3425373813264632579757026522396820442032883689228257199088897806720259594564323895303
8,101/100 + 8/20000,1.0104,4.581219046051310933791826058039434815186200005632468803378068124562051468929854926373,-0.05903289158029797356113089567305412960128174391070307657691153931896029596750191275577,0.001841627005381633034208088341167797720478670961451188881883048193686267785322970113765,0.3433166218926577137058309812484151910269589999831242648452245072442056574248850455468
9,101/100 + 9/20000,1.01045,4.57389999750219679083434084614182346374073259239436667032048360074652574247968564292,-0.05917537875431617740512056583548862097685721996125551244247740300751307383106487166792,0.001854945537134806750692947096968751391813228584180215939261859970615364423482831821177,0.3440936586888043160406382030586767086794310916902599464125663287396241505213908379053
10,101/100 + 10/20000,1.0105,4.566627486785866449036408540739248670957539111209191228255884718047536552080969540705,-0.05931753090762801352403746501558231911711579123789123944208365186673887200068724286675,0.001868296221220131597369712856379527061742643570490078750887457607539797767261548763594,0.3448685067968930775240435041584327423636429437446294388726108300985229024533564456998
11,101/100 + 11/20000,1.01055,4.559400998429373578005281768960079920059503915381900753756215681816927174512307336892,-0.05945935044416596143078393308613382976290272633448691430726538316456098666177710586133,0.001881678982669586186386475440097390802650786868022424067952422365730304060012498155085,0.3456411811218276042081174106636698896354389321234969852277045421208974771207035792708
12,101/100 + 12/20000,1.0106,4.552220025077531589916002606071435938733990888365948887110983514573661124583249044416,-0.05960083973938647249374797856377584648391547597430666798659650956687211813514145194517,0.001895093747051260689944414877100760576027784474759352997482332831541218463409539640962,0.3464116963943441964474462118744658322187255131738034641830054051493042310053524931023
13,101/100 + 13/20000,1.01065,4.545084067327503447397021516305782946751265590799676128873134855993917091618520618514,-0.05974200114073974962898244264099097489976290160703312374103317324405058752795281806147,0.001908540440463010882187628272687502340874149047315952920848453206291218138696036276213,0.3471800671738692312662712767343210811189742518782509854573849831488072439078571115708
14,101/100 + 14/20000,1.0107,4.537992633567520309370281818524116607843809199104234852896195556328628379130733380742,-0.05988283696812961113137207521024614970339636219297424806459043214580652257255650913061,0.001922018989526216672107415985925506048757109933025283459618037501710087788799568386062,0.3479463078513164153368734599816640323334291768832768898178907330711430678911867484435
15,101/100 + 15/20000,1.01075,4.530945239819607200176506255617286196141757212355391826706554941420443794190573132482,-0.06002334951436369323864481053065369425972049253385615381707201372917793772357140374499,0.00193552932137964292659512365838151004534772771559811614960581303911307134704011895867,0.3487104326518254494561234448968238509047140751705446864959367036757712959068903512727
16,101/100 + 16/20000,1.0108,4.523941409586198029434359756804237106215111236091262919506843933296683069168754902372,-0.0601635410455942383330078353614488360991146022956206293226661591301737338808222396758,0.00194907136367340043916197701581204576530265285081644732749176761251967840949467713046,0.3494724556374435989318774383878310262361842328038793369537036342774572740624985560949
17,101/100 + 17/20000,1.01085,4.516980673700526272886060337353679182641970058125510646190431696222132789801830340035,-0.06030341380174970826281390623529725990422970325477472412883082200059198556033337568845,0.001962645044563004954529584603425926465239022927518509367815079363995550629328696266103,0.3502323907097516194261174147402383636291922386394048316227347771446473468915349576628
18,101/100 + 18/20000,1.0109,4.510062570180681454803183250551770904668857083676827956708145098107062382082806879347,-0.06044296999695745510055311626804995782072560734417875811160378389974422175492849482028,0.001976250292703532212339722659360411131331247510766985416830628197111656345806896590742,0.3509902516124354444844473082658050207065105846848651071129917981322765183843754624403
19,101/100 + 19/20000,1.01095,4.503186644087225256873341303893577146521822897442095649359575496035527983787706300385,-0.06058221181995767473363853628938338204475154467919585329982110317052859279351199024266,0.001989887037243867024693163376498718268736867598706062055224833982027681866860843498725,0.3517460519338049991515319113859539908948332126330486636403050725108866178707467430184
20,101/100 + 20/20000,1.011,4.496352447384264623063446221498531743242280633593770353125928157466288429279541042019,-0.06072114143450886200136198330022528026763786596099620600938480883478876406283562952059,0.002003555207821044452158974010508116449287940898714092540459103218006351902538672871511,0.3524998051092614636716828458330271070834541431646931591657091440134111983492503614237
21,101/100 + 21/20000,1.01105,4.48955953880388264067023681665802542397874343368817924340058283489965813656873541704,-0.06085976097978497963590162575025266968112139724213838010256135674804493705161834113338,0.002017254734554681191350109736336617656917392966569653266018311896311923484859039664247,0.353251524423714272247919017657171912201029022658319025254190520314715357296532911432
22,101/100 + 22/20000,1.0111,4.482807483713831260259979487053764436235534367735467094250690766258867782808769984964,-0.06099807257076454702862159636194340150740638425236597922168248077650078963115232844094,0.002030985548041495334188447256505353027148191668501682765472439823358875755063100409613,0.3540012230139490941286868529415162849193992831065358795792356835905607078980908683382
23,101/100 + 23/20000,1.01115,4.476095853988393076841417810134553199309160171502479460826704019671193086837270151989,-0.06113607829861184881674444013016310014068231613187644551516763425560365345250824234093,0.002044747579349912704630933838032442850048346797372344743228009002976326328546248317002,0.3547489138709480078585022414925177965127089804124699610479152421973072582414778569609
24,101/100 + 24/20000,1.0112,4.469424227882322436535570111548524493950214249050466155261844401891449213886757599242,-0.06127378023105045746178550042776025892730670460685547991816184529329933674890319833288,0.002058540760014758022944690200234109782862342605328674424483166611999905041411407574767,0.3554946098421630443187038903220954195135386943336621499496262786216997384108659248241
25,101/100 + 25/20000,1.01125,4.462792189907779062093459151056065576629397632992053670281936825754537980749347250224,-0.06141118041272925836223921347870760732616569528223169585579556362271573898153258092349,0.002072365022032029190647373812015995158318204863479260671229122489263447441952598411335,0.3562383236337442401509670497151974531632146946619382926004177207875994695267143347072
26,101/100 + 26/20000,1.0113,4.456199330714170211534973649845208656212456496482753993522713508615853716655214868061,-0.06154828086558116060154943613556628164136841896900178332580079200388307219155751520612,0.002086220297853753031012860403365441847099144946346285107446180504975496066674151820195,0.3569800678127233102548501817874561594805213661995044495182915271213098693405799078811
27,101/100 + 27/20000,1.01135,4.449645246970820101392726603010292077831611896725902872990118910154791049869060087602,-0.06168508358917467117133676633008808234389344930377996304241568264136239630700399627086,0.002100106520382920860622696081023231211673389190211334264178712468153255466059980353313,0.3577198548091540162389298957964191733670480527527031619681967511364798097850749945809
28,101/100 + 28/20000,1.0114,4.44312954125238794379575252451798153630725375799386808518536562882841103457867583368,-0.06182159056105850542244715504832837576942074183815301023489616861570801929478946218309,0.002114023622968502306860619920509193689468736578814195356343262619629507488316585367985,0.3584576969182102769422921245928926263994394914653220851398959917944937332119210874782
29,101/100 + 29/20000,1.01145,4.436651821926958468978799891335889179488608526700819870333992304413217224661260490706,-0.06195780373709940157616066589784387114822868689595637121246556691897000382877790909432,0.002127971539400535824539080862553812018127029208999694607070803317795616378518280020467,0.3591936063022430373902550955886800190511343528166281344769376151232224637653665157476
30,101/100 + 30/20000,1.0115,4.43021170304673123563079511767391267302784619685347827137312577592067560013374487331,-0.06209372505181330236865774739915753533157364188177457762184754991463349015641174470836,0.002141950203905294402049972488216207887789648423733432096221518589877426155768180294302,0.3599275949927968837677839074393915959823218962371847121270848173106386667521596119601
31,101/100 + 31/20000,1.01155,4.423808804241237374504068067552453171457451259412721727200480931431353149965882596814,-0.06222935641869006229763937627588260395207763424352725573357180989638282182368053490929,0.002155959551140524983582318739960967482122085731219954146353264838676404594635224777357,0.360659674892587364150242232241015580138331648131830563873355638985094952099370691799
32,101/100 + 32/20000,1.0116,4.417442750613014669432239464860604239885088779993705043042876645307075793599277229772,-0.06236469973051183448513762216526164998603013090530481904454398843365627992648803601436,0.002169999516190760169081587711229443614768598772042979002737648739891128120383647246891,0.3613898577774399477895115850110951539463791709217495738847811855255443643188211116599
33,101/100 + 33/20000,1.01165,4.411113172635674057730242384397113786428560913298655121075036063531526939865768289291,-0.06249975685966528685956843271433253035865631628124942916351653873889062315384159542641,0.002184070034562700787771658591073434904695074738550235007710947923122884110789858905708,0.3621181552981915296810969259177718730914826304860725876236377187211638897898535440973
34,101/100 + 34/20000,1.0117,4.404819706054292732106231484065122504373912090548092749279578130420972704795385250998,-0.0626345296584477931877252469407856988809287101257976976878540915948856489163929397343,0.002198171042180667974252983851033792312903972382792867061159717803814881598198938392138,0.3628445789825553619029764160570961533818225002484871541491656638403721245920994306089
35,101/100 + 35/20000,1.01175,4.398561991788071051791277391219653826387689762348584896201140365695797417785239044135,-0.06276901995936774044865958400492542530641398368896858319336400911780486825808504642047,0.002212302475382123408459784655674083271468362246019179755134227354300185456652006050519,0.3635691402369502687892732275883538885110744773834726256288653793424077543802327291704
36,101/100 + 36/20000,1.0118,4.392339675835192424542449908316170923427979850591199053427257671012564997109760197487,-0.06290322957543909013141536750036730839634248931505261663954218955932590347969100461416,0.002226464270913256412134693610550718126732176943574149760447326009551748868107523432329,0.3642918503482949793521844321062245126619491112884693184592975365762673803961213999566
37,101/100 + 37/20000,1.01185,4.386152409179827206322896811606985305548508483335021432656488034021354204559366521964,-0.06303716030047032725274391817780547230392102875321035445797221615560111504780341966827,0.002240656365924636624989552839433155561702767636360661628421402292176373083090520772961,0.3650127204857683874660234484433277123216476711946116250918366701207768618676612321409
38,101/100 + 38/20000,1.0119,4.379999847701223484510743394418883375673278637578204943772950825004907797833752888748,-0.06317081390934792722477831684220369159537674179173408820549831020387918239148888213251,0.002254878697966931013393503370655777316562774161540443898463250806297712234858794115091,0.36573176170253652815086507256142190283696083099739864784468211972094035065872459926
39,101/100 + 39/20000,1.01195,4.37388165208482936602200613605719517995355141098406470058101280935725329085344763274,-0.06330419215831446715191861220452039502666924484953196861398481952432061145837397634031,0.002269131204986683993290499939936402965256060393591792208202570031313128054463584479276,0.366448984937447036814342632438644002667328459529218002085623487004214344350557301545
40,101/100 + 40/20000,1.012,4.367797487735393086224714698452237857958694830794397872737380188770987637077855965201,-0.06343729678524150469677212105667969542378271183922367744413263290723090999445872048574,0.00228341382532215947712344829136491120771510073663387785244490440109132167476310266348,0.3671644010166918375038754047795457465390836694694220170861814135791195769210814512625
41,101/100 + 41/20000,1.01205,4.361747024691988890339349250986111657716342500985599590126012086433649615490661290826,-0.0635701295098973443229670105179580331451344240704753564843220972186140078020493374302,0.00229772649769924368185588056965717077127933403696690311780235439518042828535716979206,0.3678780206554387860642196948852438101406834348199532780111629679986179298268067815438
42,101/100 + 42/20000,1.0121,4.35572993754491821843058156222975834098130819436956971799711821349266477224006023502,-0.06370269203420980749422875055744231184155473808569934057647304342591634857367981829629,0.002312069161227407561758180795096457040670211982850812544097498484876909473847390793778,0.3685898544594329745638934467734420729732517035495294174815792766897705726205438652622
43,101/100 + 43/20000,1.01215,4.349745905354437250266719806742813014872351459088389800756118063551589356303330760979,-0.06383498604252412028064255810055247998376226526198952055944649950148317615514732648431,0.002326441755395727755486734835027727798839169681454135417542269124656753397683851990393,0.369299912926568384426771833748827302023832854026433605721210489352672980502149228955
44,101/100 + 44/20000,1.0122,4.343794611571263339333753018798161033259725829794222573288339950297677752262407210498,-0.06396701320185602879102728677213550909885306669829973560793023902647555277378428997964,0.002340844220068964962153094307910267806858243838727396400715334181642977988781845501289,0.3700082064484305573608966496796595161871556362726248780852249528979408715503530828718
45,101/100 + 45/20000,1.01225,4.337875743958814288130280914119680253835303548690231633226815602939895891452412659467,-0.06409877516214024991145989589847065380589668464390909009840063667016796686273823199803,0.002355276495483698685577627736208207816087815194770611970778364644355066129496250293572,0.3707147453118109353950120875255185761072700539997604774453724565885556196281532643481
46,101/100 + 46/20000,1.0123,4.331988994517135791444010642916709664040211632107644331236392812399904954028334039984,-0.06423027355647436198098727017612893385057275588465082865192612953574526355572726246885,0.002369738522244517309768760847983685131523891550826041169655391108406327844162264518529,0.3714195397001935040950451149946468449032500342343780709631495144127874605143888560406
47,101/100 + 47/20000,1.01235,4.326134059408473702446164682538586101016231394936654955197126328073049568165873324809,-0.06436151000135823727334088675006530545573411851635226326730712107991239699004090217467,0.002384230241320262491884645271923374137377770750758114601028080176154363858207000129896,0.3721225996952143563189529997562751608999257645975810959604132158530040625246434945812
48,101/100 + 48/20000,1.0124,4.320310638884449059887136859136312318112323711555367075489486263935041452758338289903,-0.06449248609692911547504599832046777157552824655972796312682145834003045643343697332936,0.002398751594040326881538120655216895811976113512119174144013852111740574672636954571845,0.3728239352780947776610459669916341598598844388813508353167696721168710144981228687849
49,101/100 + 49/20000,1.01245,4.314518437214795055112395165358381376009965469162639316025932535037563284469834807392,-0.06462320342719241475282116468175551997661338285352051472248808625482702448354493035768,0.00241330252209100419731667100339125856582356356273603185729759479525211355306443837522,0.373523556331048439018730947281260664719382194987886612819215959855867074214112368137
50,101/100 + 50/20000,1.0125,4.308757162617616316649876089507448788671830281083651797536883004402868339410601928614,-0.06475366356024837448383604193515170772514321702111317220913932607728096862626362880029,0.002427882967511890712824610345759975260155418627254510872849311802159302255309341566561,0.3742214726386632664689444233048524510346830018836799096117339258976330794474487623405
51,101/100 + 51/20000,1.01255,4.303026527191132049290576632538972948839490296339471370516603165648770247916192186974,-0.0648838680485146212785800359323526793573324959707282890980016482964922138707471319943,0.002442492872692337225432245305216158135826368466754454478881646834489334544559573092352,0.3749176938892585438523124311140780990298974601106101221820993594330809612761544888094
52,101/100 + 52/20000,1.0126,4.297326246846865685371058699696672496062774979407934795817222492902326013638554320715,-0.06501381842894474755523685857543581177516349558135372579838394537131639944141320185272,0.002457132180367950601252946590692844597138933469617259697057120130786441621643871980908,0.3756122296762177891148637128257953365462574334020394131261012797281053943905395367637
53,101/100 + 53/20000,1.01265,4.291656041244244789788007664078754472308871794473818182022609774235008920439249651076,-0.06514351622324298962410153378260130631035385272734370619950407564751877350007392568529,0.002471800833617144009680047897256894460727321816655537221726529150974463126810020308505,0.3763050894992979315350785130672381069059168134421791160422117657128177291843239810273
54,101/100 + 54/20000,1.0127,4.286015633726576008490945342996139693369367427875690468752859707429298047850611879228,-0.06527296293807509000835056274332445363250337755592538022233037040422947983590392066566,0.00248649877585773498011686671506837010587546336038267256917643923914778400136415525222,0.3769962827659153034538879181329069754611143338887059675208456659031366174696196031245
55,101/100 + 55/20000,1.01275,4.280404751258360864114611766455978969956274868677248249935469930456492077462740142575,-0.06540216006527542656110478172632282725780579402957742701125685759105746362933874099906,0.002501225950843590432339972411481811652797388409300845139027271510666558388653086745714,0.377685818792408947013188028210721211082189809899245290836310843058134443728903603047
56,101/100 + 56/20000,1.0128,4.274823124363919183279582388152255735846090830875798877585446730017985417076333290761,-0.06553110908205048883601472622735116724336180349313195978540527604144036975270102827502,0.00251598230266131785026267520926487339627983300205750956973237895325492762224079663636,0.3783737068052817236812524753298501498941403459106691456269638128666622909830077882938
57,101/100 + 57/20000,1.01285,4.269270487067287889110147195555535237158888312776236233305592550529917514330504170913,-0.06565981145117878012743816401726692114294401296298380437988151367640233708270579649883,0.002530767775727001786726653816253067178450954986182338143540079812444229770772223053192,0.3790599559424197019883595115580507109204020246103851901381783187747096922080807643035
58,101/100 + 58/20000,1.0129,4.263746576833363810845919299019473110554290325500561860396948877976792544347750057406,-0.06578826862120722161463498412938776649361941140655968562730559028123974218510652943903,0.002545582314782984904358291788328969369417871957351901025161787558853092289780887876839,0.3797445752542902869007105413386200267195406579631156895955403799284335743053662562887
59,101/100 + 59/20000,1.01295,4.258251134510260051165552867599639482849024090018950510846358271291839628843604410623,-0.06591648202664413312031676115030612446405041356347667824101535135170802043021961931331,0.002560425864894692774495816575233802897509604892638496515047915465893958269928624882835,0.3804275737051195426134716637946973874003370520509504900030584255276232297326127309613
60,101/100 + 60/20000,1.013,4.252783904272846312060751030804871086475372027643836271836810662899959868964023138657,-0.06604445308814886312546978046248707269364467379463410563625106893701401950908777894566,0.00257529837144750167273646146671396758275601846594574968642354315774818290145183898133,0.3811089601740491492331180039038357525677385406480699727446296789616371918038120666129
61,101/100 + 61/20000,1.01305,4.247344633567444412817694549624285430098182837241048765190142904822055136958613712431,-0.06617218321271813886780273362897991376044953102680170029573618599681927693517894437545,0.002590199780143648625781913516451596921600070292061797928827567019722889124233519255127,0.3817887434562734228342177215858173524746584684315277718999129996705763628562649830801
62,101/100 + 62/20000,1.0131,4.24193307305765103986205221336192709837606616293906128076127501032836626498955038812,-0.06629967379386920558870142513282497267802249240623151496138899306954385574129727090866,0.002605130036999182979987182679593436593369325826775970485744484235804617418884390820541,0.3824669322641568177057731611068296032487005281208117138889929200954641626392330159015
63,101/100 + 63/20000,1.01315,4.236548976571260548845184308469970319804272157313103539336170191275199863610724631213,-0.06642692621181982228151390351269125049163821770828338829625168758335829438300591776824,0.002620089088340958777354254651354851993128621803374049156267439694085984755724228887262,0.3831435352283323192370384213604539584658254451751286857423805476883203670182578799743
64,101/100 + 64/20000,1.0132,4.231192101048261395298429894185800184327903683283771401698358435242686884753731594566,-0.06655394183366517963071262085930663732825441378374408697180922416142589774994503678208,0.002635076880803667239668625113493025224894747013893581733122972142439437231700235019811,0.3838185608987811258225214103027168475951057622320505401962163307719961138274850643901
65,101/100 + 65/20000,1.01325,4.225862206489880502329535730645379473002096086772729962034482639169526501595757833075,-0.06668072201355180421541623996364682099501078578482425584541302191184591275155018632336,0.002650093361326908676064849670263223579187494005848860078570597423130413943563836506178,0.3844920177458940083811732393882503181747046097766416018728267353059878082246310983672
66,101/100 + 66/20000,1.0133,4.220559055908650583016556269204983873757617404863877392735943060062928484315288568887,-0.06680726809284851148038946254034953928316532211341848783544051070909683579557526662321,0.00266513847715230314353702848828799899644114476768363482504117925552258439588602635384,0.3851639141615147265764270077231323396748742276698216640455199052426822537239186944682
67,101/100 + 67/20000,1.01335,4.21528241527947612217374316945621552835986477778773692510748331994616627420192892116,-0.06693358140031446845151565153612144043838770050283226214845365452615849772015028754817,0.002680212175820639203791790154081017538600515256532719814830796714875824112963478840445,0.3858342584599658715829559825897521586904126684210948491958627294206317928796661645749
68,101/100 + 68/20000,1.0134,4.21003205349167438779383072233812425257831033442792230858460839039242209441951680139,-0.06705966325226442568944684301608828718560531196909031717685057874224247173646462396808,0.002695314405169060133384635846826443998584882240106780522243831798783405290065232900084,0.3865030588790574962642754346176155965718149422982641341189045563720553140136731297873
69,101/100 + 69/20000,1.01345,4.204807742301968487454769076231136852802321607151812268638939514733463696681366911075,-0.067185514952731176533321606243097774376914376083809359540388308003774022109614943387,0.002710445113328286957294932056709903829105031057951405779085165534833174654466063441358,0.3871703235810788848944113816553623073717428795663710702452931691233771033298700652697
70,101/100 + 70/20000,1.0135,4.199609256288410110030945568991962298458613999920605959135752673315414961533521718861,-0.06731113779362530028479362860072449891357293274007967469602596100744801990135199678508,0.002725604248719877688989577360957436683382660329960055704600160716180203706238861503039,0.3878360606537738060688908738215564041280039065727632433398112480584160136844300017701
71,101/100 + 71/20000,1.01355,4.194436372805210198856569843005093353479450164082739374124700591826995752265288672947,-0.06743653305489224461986942472023923091268211970699150681209779305644154185117036388239,0.002740791760053522172609306499111202899144576467616590358696312406022080594472244087371,0.3885002781112995841976378107556099051126397101398817063649253041048312553910778328312
72,101/100 + 72/20000,1.0136,4.189288871938456389713341757895521835663938990024003534849489076569585808157190047791,-0.06756170200466680119099299965936513717689082597725020604698828487325252058228628923414,0.002756007596324371935193344314641244152845638400603160117034215623939360442880039094133,0.3891629838951703169476184231550612555207700012337978987256699523114789262026430228796
73,101/100 + 73/20000,1.01365,4.184166536462696616291876970089180614738181694322376984506929339363467420170401282487,-0.06768664589942502709326198383695361750767392087277425283429880029401849794409042692476,0.002771251706810404468846024810793227917572445946879817227728899593805039307198671442627,0.3898241858751845581991611815716805389707976321816964900070684299615099263747514263616
74,101/100 + 74/20000,1.0137,4.179069151798368837718719201509993120778986237441641119314151978346915659026953131791,-0.06781136598413366361547796371139898691958412761453986065960053707403807249193241871822,0.002786524041069821374451128358213228771637269744741706183366602136283543962358973365617,0.3904838918503377784899137616304354511098967163881745542790130965731627340332291850552
75,101/100 + 75/20000,1.01375,4.173996505970057377937178756103841087428846936108997945967080768608847261310160735872,-0.06793586349239710247782706297444718449085066326746176515946855434442277007689112140604,0.002801824548938479809963893762808335095388855549824932627616590058235764890435592691109,0.3911421095497199075377691268412846402722036805099137865572884056281423166516737124737
76,101/100 + 76/20000,1.0138,4.168948389565556885747680884386247075233349608217125856496472121595988992183530309234,-0.06806013964660194857229673439997413003489999200435758022313869693128337211881923852114,0.002817153180527356697464519925088824957009252429905043193134225499270566830456123326234,0.3917988466333982562523966451541039872795785352481004304891971793727749585496878993219
77,101/100 + 77/20000,1.01385,4.163924595695725427697585831391064980002867760570898913623287710285410584606035795239,-0.06818419565805922706843905802048160257022974350854343927563632893315339824366461784831,0.002832509886220045154047838714443354176064760733743803239207956738522206995597392434549,0.3924541106932861086580751357258280581763857164421173964005421812096055127857209760843
78,101/100 + 78/20000,1.0139,4.158924919955108714287043439693395236206146829111733805710006863763340771803035809253,-0.06830803272714428162480248923848486573284159104028446648813467277477892225014168716699,0.00284789461667028262225884503993578038959962064147719819936939966145299287084772484506,0.3931079092539972673523770740864042626791961403060896993238467739153164855581321107686
79,101/100 + 79/20000,1.01395,4.153949160383317933632371639821416967844416586452883301177093946999046260890137210951,-0.06843165204343440935431954785480551068538077016586316321689961336928852952106852742685,0.002863307322799510186169822327087002913247081828137371810763945305316327292217600594374,0.3937602497736868295101346390305716323088163313057972041476506521883725358885940371526
80,101/100 + 80/20000,1.014,4.148997117427144126289006349966895378034174902868776369455973392415288154527864459813,-0.06855505478584427712923641024118424374242687084686464883655551696761104362943454604972,0.002878747955794462569338601356000632808487440917567503861346109187623986458325093428905,0.3944111396448784640044625317739600135035371694281813351990718237418873376784628208334
81,101/100 + 81/20000,1.01405,4.144068593903392480851625176423250780680981193190349915088184891682165882007723125326,-0.06867824212275916277691200842077202492636822429950899192017594997059356133413885903414,0.0028942164671047883207955337308744536875436509241711084962631937164960830557089962004,0.3950605861952784539510417668774777753797611882305465940652163393950752917078746549268
82,101/100 + 82/20000,1.0141,4.139163394962420362671744359985130819209439805510244472010303978227807037179273021289,-0.06880121521216606371113935435566363224731994688973636388999004900421338017280156667159,0.002909712808440699704885347477928402930773077860029327611567418887492747061202162127267,0.3957085966885767628831866801030384847377135264621066985895277520161429178221212256891
83,101/100 + 83/20000,1.01415,4.134281328052363307998544117814571507108720523441575449481330601868563153215534580392,-0.06892397520178271456371963606977484530464981930249371389891109505575282644739361737182,0.002925236931770651820245290677799282161213612594344355443911834740467027452727905786684,0.3963551783252353768284027516730061091920360785691234071386813162594447193677310440449
84,101/100 + 84/20000,1.0142,4.129422202884033623476639703399771075903099927362256675498437413338717786713141227653,-0.06904652322918455442704728043631736842434897967116913873544022312923864278352645991748,0.002940788789319050482438785212526602068021663481967891202507018941808756368213172118753,0.3970003382432641687773423359971828847188104049608354371679172807848154203561865467808
85,101/100 + 85/20000,1.01425,4.124585831396476626629495098145541309757588383840432195669023687872843046687557036365,-0.06916886042192968338966558749862751439881917281028000465210723362378763969381024678906,0.002956368333563988413789954693418874678427298050808052033960324657967711123268615434559,0.3976440835189845264085879396276450102174925764990556622854218282842605676600971435351
86,101/100 + 86/20000,1.0143,4.119772027723169947109051838129473200928339364398299286120443473889931840907772214233,-0.06929098789768184714237750303375691957068200514864318985456104101616783828117818796115,0.002971975517235009292784434869275130349920736944934103749391843550459399966944914195857,0.3982864211677809784530033409199975891683988710337379431755641937469333443048846943078
87,101/100 + 87/20000,1.01435,4.114980608158851681476741776185016282655840294365890937441142625563476779316923990262,-0.06941290676433148755181929946664190733683881952074015996890870458333250435805892621789,0.002987610293310899224021231823646589348441469483610324585210318675515387199182022427324,0.3989273581448410497451070409901359208652624316729902537648800129650484181175267937514
88,101/100 + 88/20000,1.0144,4.110211391126963556460694108055081353176323853827012597524566007919469713710293994823,-0.06953461812011489624072505951101268333856967404101296086050326981268545779526192724133,0.003003272615017505198124313175347451125137471811683044869038974988921186691433287274654,0.3995669013458835698118006252832145255124252729033419814155610598746982803588865804202
89,101/100 + 89/20000,1.01445,4.10546419714769560735798812972378716458339654070543664148183135288163387495246883688,-0.06965612305373150737874869699786017083664846301912578612193837575220371821337855482688,0.003018962435825580119256195306429446177246490350627277292017704515123606155493548358649,0.4002050576078756547867265780082820545411559742679332251916248946854251731591753748232
90,101/100 + 90/20000,1.0145,4.100738848806619219856135638388241138404693120306928985035812134609859448837840516582,-0.06977742264445936507401187665995343260909184817878780059012652887909820003068355921504,0.003034679709448653985923970356335526966895031717870307154794781782773459579084529197857,0.4008418337097385775075704719567334299271680915028855760404748624032649675923780046928
91,101/100 + 91/20000,1.01455,4.096035170723895715359515592727833367175277824611946701335600843319330257269777976923,-0.06989851796226879996287615111574761914859472638727606635243689335816867761241676784979,0.0030504243898409308186358002507895275407271963521831002453896463590117474939817785245,0.401477236373042735849925497241921602753143338888897741655697873892592010467850169771
92,101/100 + 92/20000,1.0146,4.091352989524047982237632199657844048569875988862481828568723546031359469298316154942,-0.070019410067934348823182157320577740163979433680406731024134306115738380199088193794,0.003066196431195210935657550942162239918604410296305365600010295032140647623981265079572,0.4021112722626919246711922638006909688522664634822179820395892846442604691835838341332
93,101/100 + 93/20000,1.01465,4.086692133806282968565163998637183056373082292273379929306171810325462833709017676229,-0.07014010001314495028376399751174064873586125627639081614469140374700947973026004678065,0.003081995787940838185639472110401466913594105634137592222274311478027376196921242285973,0.4027439479875971121778035203183134576281616539406862812323967867683781397631308703999
94,101/100 + 94/20000,1.0147,4.082052434115353156190515240614022533443365189539375191780798793495422730964426035945,-0.07026058884061244896985840068082396011117093555597371425696570941297560161545048508921,0.00309782241474167175323603822547481908199790560691726559385998974665373913075045544557,0.4033752701013399170853679060858758849692044982218457869258038605553640973195545016234
95,101/100 + 95/20000,1.01475,4.077433722912945431631442020087406435618414674442149373065887897385469306167786985877,-0.07038087758417843970952990115738523017860900368896501218233685728904992001162448799129,0.003113676266494082161032521397703211937535220950491296979135421739974216720661786683034,0.4040052451028259786107572000331184522679760138695848811920329938184080204521403593128
96,101/100 + 96/20000,1.0148,4.072835834549586056624937081533149269378179551138937896934674039267726027483632423879,-0.07050096726891948272988695425609641030476063156415738002632667706149593169001607241351,0.003129557298324971098123707111903045279648907969716628774524973544697165743978557893409,0.4046338794369284071144639554524231321408671720155482849263166764615405312785599586176
97,101/100 + 97/20000,1.01485,4.06825860523705072041609041229084453738047934300881168728809623713025246094571171471,-0.07062085891125072009314876618492698627724826656223607400570465898166666013955094112648,0.003145465465589814712567413954222357495394099769725171752062879487731084030907993622531,0.4052611794951214990975813781922874587657805213768408462412182353577492419746684973319
98,101/100 + 98/20000,1.0149,4.063701873021268927310167877181286231873192633759886207204099822881642580124653128274,-0.07074055351902792296103442572855296008320225728988097157955289802252270706700936231785,0.003161400723870730011662045737463654292611878094386280016195847710318382887996359675949,0.4058871516161048962474558736731932312219781731937485860846726991351622871996371203348
99,101/100 + 99/20000,1.01495,4.059165477755712236877981628267090009442559397666986731884564410749346424106872718545,-0.07086005209164799863099652979144644592496017269360750756284185127917536719461120418877,0.003177363028974564020577085371206170982480740343325060946607093006741196472099399858325,0.4065118020864183643164829530928874688972603781829731252147399706526922606477085643573
100,101/100 + 100/20000,1.015,4.054649261075256130732653524107757775268123226159984831293342388237445521942917597619,-0.07097935562014798565903823326216705597770849356252210469655309629042801755111805768584,0.003193352336931005356301922734685738077555107911816174175034836732969320206122607525529,0.4071351371410473638068008934490944586778603180352263112417205213279391366205827645935
