index,X_approx,K_approx,V_over_Hd2_approx,V_minus_delta_zero_limit_approx
0,0.001,1.247222222222222222222222222222222222222222222222222222222222222222222222222222222222,0.0006666666666666666666666666666666698333333333333333333333333333333333333333333333333333,1.35601851851851851851851851851852054988425925925925925925925925925925943287037037037e-176
1,0.83433,3.562027777777777777777777777777777777777777777777777777777777777777777777777777777778,0.55622000000000000000000000000220433740485,3.360960331148904166666666666669582963529874974892072916666666736855304739158588982507e-170
2,1.66766,5.876833333333333333333333333333333333333333333333333333333333333333333333333333333333,1.1117733333333333333333333333421401179394,2.308425625659252962962962962966678524444582784371020370370370594301812351242410594656e-169
3,2.50099,8.191638888888888888888888888888888888888888888888888888888888888888888888888888888889,1.667326666666666666666666666686474011436983333333333333333333333333333333333333333333,7.363730811452531990740740740757950603107282547534216550925927624706526208576896431396e-169
4,3.33432,10.50644444444444444444444444444444444444444444444444444444444444444444444444444444444,2.2228800000000000000000000000352060178976,1.694875348871232000000000000005186526778900533623040000000000715507027620157282442803e-168
5,4.16765,12.82125,2.77843333333333333333333333338833613732125,3.251023555565620949074074074086366592240514655049992766203705886603071292695076767936e-168
6,5.00098,15.13605555555555555555555555555555555555555555555555555555555555555555555555555555556,3.333986666666666666666666666745864369707933333333333333333333333333333333333333333333,5.549491891050179296296296296321274863933857844117190925925931356592073035858321946622e-168
7,5.83431,17.45086111111111111111111111111111111111111111111111111111111111111111111111111111111,3.88954000000000000000000000010779071505765,8.73495454514666629166666666671226621594396501098642072916667840279966627835794483663e-168
8,6.66764,19.76566666666666666666666666666666666666666666666666666666666666666666666666666666667,4.4450933333333333333333333334741151733704,1.295208570767684118518518518526211078920261875089834370370372658276664817383703533649e-167
9,7.50097,22.08047222222222222222222222222222222222222222222222222222222222222222222222222222222,5.000646666666666666666666666844837744646183333333333333333333333333333333333333333333,1.83455595684624632268518518519739939914883493441724966550926338179717992944793318966e-167
10,8.3343,24.39527777777777777777777777777777777777777777777777777777777777777777777777777777778,5.556200000000000000000000000219958428885,2.506005031732529166666666666685151649742643475620729166666673647755470332461770703026e-167
11,9.16763,26.71008333333333333333333333333333333333333333333333333333333333333333333333333333333,6.11175333333333333333333333359947722608685,3.324023214408708575462962962989869424848890063748001609953714946203856675434265282479e-167
12,10.00096,29.02488888888888888888888888888888888888888888888888888888888888888888888888888888889,6.667306666666666666666666666983394136251733333333333333333333333333333333333333333333,4.303077923856960474074074074111995845299452032354683259259276628705303857311076645261e-167
13,10.83429,31.33969444444444444444444444444444444444444444444444444444444444444444444444444444444,7.22286000000000000000000000037170915937965,5.457636579059460787500000000052015558610881483504277906250025916705702996335323568231e-167
14,11.66762,33.6545,7.7784133333333333333333333337644222954706,6.802166598998385440740740740810454738984405287768176870370407909906153399408432438971e-167
15,12.50095,35.96930555555555555555555555555555555555555555555555555555555555555555555555555555556,8.333966666666666666666666667161533544524583333333333333333333333333333333333333333333,8.351135402655910358796296296387881087305925084225658998842645594635244531450985806899e-167
16,13.33428,38.28411111111111111111111111111111111111111111111111111111111111111111111111111111111,8.8895200000000000000000000005630429065416,1.011901040901421146666666666678490383114601728046389066666673985222133798476357093437e-166
17,14.16761,40.59891666666666666666666666666666666666666666666666666666666666666666666666666666667,9.44507333333333333333333333396895038152165,1.21202590370554646893518518520021737247599330525779257766204694673648494483876283478e-166
18,15.00094,42.91372222222222222222222222222222222222222222222222222222222222222222222222222222222,10.00062666666666666666666666737925596946473333333333333333333333333333333333333333333,1.436934870576184595185185185204038304908759834517070575925939113651053067746630038876e-166
19,15.83427,45.22852777777777777777777777777777777777777777777777777777777777777777777777777777778,10.55618000000000000000000000079395967037085,1.688074683411553117916666666690026561175361387135305957291683947621975146260527976506e-166
20,16.6676,47.54333333333333333333333333333333333333333333333333333333333333333333333333333333333,11.11173333333333333333333333421306148424,1.966892084109869629629629629658259674706725511274370370370392703154278159923365810193e-166
21,17.50093,49.85813888888888888888888888888888888888888888888888888888888888888888888888888888889,11.66728666666666666666666666763656141107218333333333333333333333333333333333333333333,2.274833814569351722824074074108819331602247231946924216550954428439107285696477449304e-166
22,18.33426,52.17294444444444444444444444444444444444444444444444444444444444444444444444444444444,12.2228400000000000000000000010644594508674,2.613346616688216990000000000041791370629789051016416650000035966190954094895706405167e-166
23,19.16759,54.48775,12.77839333333333333333333333449675560362565,2.983877232364683023657407407457265783225680947197085577662081954484884750127490646181e-166
24,20.00092,56.80255555555555555555555555555555555555555555555555555555555555555555555555555555556,13.33394666666666666666666666793344986934693333333333333333333333333333333333333333333,3.387872403496967416296296296355336713494720376053957659259314827593768202224947452924e-166
25,20.83425,59.11736111111111111111111111111111111111111111111111111111111111111111111111111111111,13.88950000000000000000000000137454224803125,3.826778871983287760416666666736102458210172270002848307291734816825504387183958273265e-166
26,21.66758,61.43216666666666666666666666666666666666666666666666666666666666666666666666666666667,14.4450533333333333333333333348200327396786,4.302043379721861648518518518599665466813769038310361687037119951360252423099253577476e-166
27,22.50091,63.74697222222222222222222222222222222222222222222222222222222222222222222222222222222,15.00060666666666666666666666826992134428898333333333333333333333333333333333333333333,4.815112668610906673101851851946132341415710567093890716551026059087658807100497713342e-166
28,23.33424,66.06177777777777777777777777777777777777777777777777777777777777777777777777777777778,15.5561600000000000000000000017242080618624,5.367433480548640426666666666775613836794664219321617066666786767444085612288373761272e-166
29,24.16757,68.37658333333333333333333333333333333333333333333333333333333333333333333333333333333,16.11171333333333333333333333518289289239885,5.960452557433280501712962963088224860397764834812511160995513504249838684670668389411e-166
30,25.0009,70.69138888888888888888888888888888888888888888888888888888888888888888888888888888889,16.66726666666666666666666666864597583589833333333333333333333333333333333333333333333,6.595616641163044490740740740884084472340614730236332175926095498546395840098356708747e-166
31,25.83423,73.00619444444444444444444444444444444444444444444444444444444444444444444444444444444,17.22282000000000000000000000211345689236085,7.274372473636149986250000000163315885407283699113628040625199781433635061201687128225e-166
32,26.66756,75.321,17.7783733333333333333333333355853360617864,7.998166796750814580740740740926046465050309011815735437037271186907062694326266209859e-166
33,27.50089,77.63580555555555555555555555555555555555555555555555555555555555555555555555555555556,18.33392666666666666666666666906161334417498333333333333333333333333333333333333333333,8.768446352405255866712962963172407729390695415564779799884532352695041646469143523839e-166
34,28.33422,79.95061111111111111111111111111111111111111111111111111111111111111111111111111111111,18.8894800000000000000000000025422887395266,9.586657882497691436666666666902535349217915134433675316666983721096019582214896503644e-166
35,29.16755,82.26541666666666666666666666666666666666666666666666666666666666666666666666666666667,19.44503333333333333333333333602736224784125,1.045424812892633888310185185211656914798990786934612492766240353981575712067171530115e-165
36,30.00088,84.58022222222222222222222222222222222222222222222222222222222222222222222222222222222,20.00058666666666666666666666951683386911893333333333333333333333333333333333333333333,1.137266383358941579851851851881465310183308079807662032592634786280455603240748764175e-165
37,30.83421,86.89502777777777777777777777777777777777777777777777777777777777777777777777777777778,20.55614000000000000000000000301070360335965,1.234335173838513977541666666699693533954230857525044195729215055109448743638588367946e-165
38,31.66754,89.20983333333333333333333333333333333333333333333333333333333333333333333333333333333,21.1116933333333333333333333365089714505634,1.336775858521172840629629629666356814258093333234365902037092327363661999690244085201e-165
39,32.50087,91.52463888888888888888888888888888888888888888888888888888888888888888888888888888889,21.66724666666666666666666667001163741073018333333333333333333333333333333333333333333,1.4447331115967399283657407407814707945080764677683129466551555508138248120520648736e-165
40,33.3342,93.83944444444444444444444444444444444444444444444444444444444444444444444444444444444,22.22280000000000000000000000351870148386,1.558351607255037000000000000045051533384207969644650000000071454190012015300803390195e-165
41,34.16753,96.15425,22.77835333333333333333333333703016366995285,1.677776019685885814782407407457115504833362295066220607766284547265366657627224476948e-165
42,35.00086,98.46905555555555555555555555555555555555555555555555555555555555555555555555555555556,23.33390666666666666666666667054602396900873333333333333333333333333333333333333333333,1.803151023079108131962962963017679598069260647920947190926017120939822820529713646236e-165
43,35.83419,100.7838611111111111111111111111111111111111111111111111111111111111111111111111111111,23.88946000000000000000000000406628238102765,1.934621291624525710791666666726761117572470979781831045729269247323828438507885566365e-165
44,36.66752,103.0986666666666666666666666666666666666666666666666666666666666666666666666666666667,24.4450133333333333333333333375909389060096,2.072331499511960310518518518584377783090407989906952343703818779822068118756192547083e-165
45,37.50085,105.4134722222222222222222222222222222222222222222222222222222222222222222222222222222,25.00056666666666666666666667111999354395458333333333333333333333333333333333333333333,2.216426320931233690393518518590547729637333125239470131655221353217185960857533025085e-165
46,38.33418,107.7282777777777777777777777777777777777777777777777777777777777777777777777777777778,25.5561200000000000000000000046534462948626,2.367050430072167609666666666745289507494354580407622331666810383753508376476860049531e-165
47,39.16751,110.0430833333333333333333333333333333333333333333333333333333333333333333333333333333,26.11167333333333333333333333819129715873365,2.524348501124583827587962963048622082209427297724725741099697069220766909054789767551e-165
48,40.00084,112.3578888888888888888888888888888888888888888888888888888888888888888888888888888889,26.66722666666666666666666667173354613556773333333333333333333333333333333333333333333,2.688465208278304103407407407500564834597352967189176032592770389037821053501209909763e-165
49,40.83417,114.6726944444444444444444444444444444444444444444444444444444444444444444444444444444,27.22278000000000000000000000528019322536485,2.859545225723150196375000000101137560739780026484447754062697104336381075888888275776e-165
50,41.6675,116.9875,27.778333333333333333333333338831238428125,3.037733227648943865740740740850360471985203660979094328703921758044730833147081219708e-165
51,42.50083,119.3023055555555555555555555555555555555555555555555555555555555555555555555555555556,28.33388666666666666666666667238668174384818333333333333333333333333333333333333333333,3.223173888245506870754629629748254194948965803726748054988666674971450592755142135693e-165
52,43.33416,121.6171111111111111111111111111111111111111111111111111111111111111111111111111111111,28.8894400000000000000000000059465231725344,3.416011881702660970666666666794839771513255135466120106666931961889139852436129943394e-165
53,44.16749,123.9319166666666666666666666666666666666666666666666666666666666666666666666666666667,29.44499333333333333333333333951076271418365,3.616391882210227924726851851990138658827107084621000532766495507618140159850417573511e-165
54,45.00082,126.2467222222222222222222222222222222222222222222222222222222222222222222222222222222,30.00054666666666666666666667307940036879593333333333333333333333333333333333333333333,3.824458563958029492185185185334172729306403827300258257592912983110257932289300453299e-165
55,45.83415,128.5615277777777777777777777777777777777777777777777777777777777777777777777777777778,30.55610000000000000000000000665243613637125,4.04035660113588743229166666682696427063387428729784108072951784153248727636860499207e-165
56,46.66748,130.8763333333333333333333333333333333333333333333333333333333333333333333333333333333,31.1116533333333333333333333402298700169096,4.264230667933623504296296296468535985759094136092775677037421318350732807722297066712e-165
57,47.50081,133.1911388888888888888888888888888888888888888888888888888888888888888888888888888889,31.66720666666666666666666667381170201041098333333333333333333333333333333333333333333,4.496225438541059467449074074258910992898485792849167596655512431413532470696090507195e-165
58,48.33414,135.5059444444444444444444444444444444444444444444444444444444444444444444444444444444,32.2227600000000000000000000073979321168754,4.736485587148017081000000000198112825535318424416201265000457981035780358041055582084e-165
59,49.16747,137.82075,32.77831333333333333333333334098856033630285,4.985155787944318104199074074286165432419707945328139982766702550082449530607227484051e-165
60,50.0008,140.1355555555555555555555555555555555555555555555555555555555555555555555555555555556,33.33386666666666666666666667458358666869333333333333333333333333333333333333333333333,5.242380715119784296296296296523093177568617017804325925926468504052314837037214815384e-165
61,50.83413,142.4503611111111111111111111111111111111111111111111111111111111111111111111111111111,33.88942000000000000000000000818301111404685,5.508305042864237416541666666908920840265855051749180145729755991161675733459808073498e-165
62,51.66746,144.7651666666666666666666666666666666666666666666666666666666666666666666666666666667,34.4449733333333333333333333417868336723634,5.78307344536749922418518518544367361506207820475220256870434294242807910318358813645e-165
63,52.50079,147.0799722222222222222222222222222222222222222222222222222222222222222222222222222222,35.00052666666666666666666667539505434364298333333333333333333333333333333333333333333,6.066830596819391478476851852127377111774789382087971996655785071754042076390534748444e-165
64,53.33412,149.3947777777777777777777777777777777777777777777777777777777777777777777777777777778,35.5560800000000000000000000090076731278856,6.359721171409735938666666666960057355488338236716146106667415876010774849829635005348e-165
65,54.16745,151.7095833333333333333333333333333333333333333333333333333333333333333333333333333333,36.11163333333333333333333334262469002509125,6.661889843328354364004629629941740786553921169281461451100346635121903506510491840201e-165
66,55.00078,154.0243888888888888888888888888888888888888888888888888888888888888888888888888888889,36.66718666666666666666666667624610503525993333333333333333333333333333333333333333333,6.973481286765068513740740741072454260589581328113733457593466412147192835396932508726e-165
67,55.83411,156.3391944444444444444444444444444444444444444444444444444444444444444444444444444444,37.22274000000000000000000000987191815839165,7.29464017590970014712500000035222504848020860922785642906344205336626915110061707484e-165
68,56.66744,158.654,37.7782933333333333333333333435021293944864,7.625511184952071023407407407781080836377539656323803543704718188362343113574646896166e-165
69,57.50077,160.9688055555555555555555555555555555555555555555555555555555555555555555555555555556,38.33384666666666666666666667713673874354418333333333333333333333333333333333333333333,7.966238988082002901837962963359049725700157860786626854989517230105932547807173109543e-165
70,58.3341,163.2836111111111111111111111111111111111111111111111111111111111111111111111111111111,38.889400000000000000000000010775746205565,8.31696825948931754166666666708616023313349336168645729166783937503858526351500511654e-165
71,59.16743,165.5984166666666666666666666666666666666666666666666666666666666666666666666666666667,39.44495333333333333333333334441915178054885,8.677843673363836702143518518962441290629823045778504657767462603156601874837219068962e-165
72,60.00076,167.9132222222222222222222222222222222222222222222222222222222222222222222222222222222,40.00050666666666666666666667806695546849573333333333333333333333333333333333333333333,9.049009903895382142518518518987922245408270547503057632593942678094758620028766354366e-165
73,60.83409,170.2280277777777777777777777777777777777777777777777777777777777777777777777777777778,40.55606000000000000000000001171915726940565,9.430611625273775622041666667162632859954806248985483770730613147210030181154082081569e-165
74,61.66742,172.5428333333333333333333333333333333333333333333333333333333333333333333333333333333,41.1116133333333333333333333453757571832786,9.822793511688838899962962963486603312022247280036229502038585341665312503780693566161e-165
75,62.50075,174.8576388888888888888888888888888888888888888888888888888888888888888888888888888889,41.66716666666666666666666667903675521011458333333333333333333333333333333333333333333,1.022570023733039373553240740795986419463025751815082013165674837651314561667282881601e-164
76,63.33408,177.1724444444444444444444444444444444444444444444444444444444444444444444444444444444,42.2227200000000000000000000127021513499136,1.063947647638826188800000000058244651606534758850985984000176915077943645148502501679e-164
77,64.16741,179.48725,42.77827333333333333333333334637194560267565,1.106426690305226511661574074135438169988087486397903168276809234754718166245573701748e-164
78,65.00074,181.8020555555555555555555555555555555555555555555555555555555555555555555555555555556,43.33382666666666666666666668004613796840073333333333333333333333333333333333333333333,1.150021619151222518062962963027570158489704346510909759092794043404019044610094581585e-164
79,65.83407,184.1168611111111111111111111111111111111111111111111111111111111111111111111111111111,43.88938000000000000000000001372472844708885,1.194746901595796383929166666734643842520090426013589837073131366170680736090776704402e-164
80,66.6674,186.4316666666666666666666666666666666666666666666666666666666666666666666666666666667,44.44493333333333333333333334740771703874,1.240617005057930285185185185256662489014635486498035370370599006630363514702805945396e-164
81,67.50073,188.7464722222222222222222222222222222222222222222222222222222222222222222222222222222,45.00048666666666666666666668109510374335418333333333333333333333333333333333333333333,1.287646396956606397756018518593629406435413964324846214665752546797925754597203340296e-164
82,68.33406,191.0612777777777777777777777777777777777777777777777777777777777777777777777777777778,45.5560400000000000000000000147868885609314,1.335849544710806897566666666745547944771184970623130113166925347135796212030185933919e-164
83,69.16739,193.3760833333333333333333333333333333333333333333333333333333333333333333333333333333,46.11159333333333333333333334848307149147165,1.385240915739513960542129629712421495537392291290502696610228546562346307332527628719e-164
84,70.00072,195.6908888888888888888888888888888888888888888888888888888888888888888888888888888889,46.66714666666666666666666668218365253497493333333333333333333333333333333333333333333,1.435834977461709762607407407494253491776164386993087483259551062460262406878920033337e-164
85,70.83405,198.0056944444444444444444444444444444444444444444444444444444444444444444444444444444,47.22270000000000000000000001588863169144125,1.487646197296376479687500000091047408056314393165515878906559590684918105057333311156e-164
86,71.66738,200.3205,47.7782533333333333333333333495980089608706,1.540689042662496287707407407502806760473340120010927176870698605572746506238377028847e-164
87,72.50071,202.6353055555555555555555555555555555555555555555555555555555555555555555555555555556,48.33380666666666666666666668331178434326298333333333333333333333333333333333333333333,1.594977980979051362592129629729535106649424052500968557999190359949612506744661004923e-164
88,73.33404,204.9501111111111111111111111111111111111111111111111111111111111111111111111111111111,48.8893600000000000000000000170299578386184,1.650527479665023880266666666771236045733433350375795090667034885139185076820156158291e-164
89,74.16737,207.2649166666666666666666666666666666666666666666666666666666666666666666666666666667,49.44491333333333333333333335075252944693685,1.707352006139396016656018518627913218400919848144069730777009990971309542599555356802e-164
90,75.0007,209.5797222222222222222222222222222222222222222222222222222222222222222222222222222222,50.00046666666666666666666668447949916821833333333333333333333333333333333333333333333,1.765466027821149947685185185299570306854120055082963321759671265790379868077634265799e-164
91,75.83403,211.8945277777777777777777777777777777777777777777777777777777777777777777777777777778,50.55602000000000000000000001821086700246285,1.824884012129267849279166666786211034821955155238154594573352076463710937078612196674e-164
92,76.66736,214.2093333333333333333333333333333333333333333333333333333333333333333333333333333333,51.1115733333333333333333333519466329496704,1.885620426482731897362962963087839167560031007423830167704163568389910835225512955416e-164
93,77.50069,216.5241388888888888888888888888888888888888888888888888888888888888888888888888888889,51.66712666666666666666666668568679700984098333333333333333333333333333333333333333333,1.94768973830052426786157407420445851185063814522268454716599466550725313190952569116e-164
94,78.33402,218.8389444444444444444444444444444444444444444444444444444444444444444444444444444444,52.2226800000000000000000000194313591829746,2.011106415001627136700000000136072916002751776985920126500512070302049162259365744744e-164
95,79.16735,221.15375,52.77823333333333333333333335318031946907125,2.075884924005022679803240740882686269852031785833247186777160263817020309110635497252e-164
96,80.00068,223.4685555555555555555555555555555555555555555555555555555555555555555555555555555556,53.33378666666666666666666668693367786813093333333333333333333333333333333333333333333,2.142039732729693073096296296444302504760822729652883896593161505659670284975185218573e-164
97,80.83401,225.7833611111111111111111111111111111111111111111111111111111111111111111111111111111,53.88934000000000000000000002069143438015365,2.209585308594620492504166666820925593618153841101556312073515834010657414010473915949e-164
98,81.66734,228.0981666666666666666666666666666666666666666666666666666666666666666666666666666667,54.4448933333333333333333333544535890051394,2.278536119018787113951851852012559550839739027604498376871001065632166913988930182522e-164
99,82.50067,230.4129722222222222222222222222222222222222222222222222222222222222222222222222222222,55.00044666666666666666666668822014174308818333333333333333333333333333333333333333333,2.348906631421175113364351852019208432367976871355451922166172795876283178267313045893e-164
100,83.334,232.7277777777777777777777777777777777777777777777777777777777777777777777777777777778,55.556000000000000000000000021991092594,2.420711313220766666666666666840876335671950629316666666667364398693362057756072816667e-164
101,84.16733,235.0425833333333333333333333333333333333333333333333333333333333333333333333333333333,56.11155333333333333333333335576644155787485,2.493964631836543949783796296477567399747428233218900216610687026640403142888711937006e-164
102,85.00066,237.3573888888888888888888888888888888888888888888888888888888888888888888888888888889,56.66710666666666666666666668954618863471273333333333333333333333333333333333333333333,2.568681054687489138640740740929285805116862289561418065760029610889422045591145829182e-164
103,85.83399,239.6721944444444444444444444444444444444444444444444444444444444444444444444444444444,57.22266000000000000000000002333033382451365,2.644875049192584409162500000196035773829390079611993595407058861235822681251063744124e-164
104,86.66732,241.987,57.7782133333333333333333333571188771272776,2.722561082770811937274074074277821569460833559406908074371219266106769550687289609973e-164
105,87.50065,244.3018055555555555555555555555555555555555555555555555555555555555555555555555555556,58.33376666666666666666666669091181854300458333333333333333333333333333333333333333333,2.801753622841153898900462963174647497113699359750950658999733092569560022119142880631e-164
106,88.33398,246.6166111111111111111111111111111111111111111111111111111111111111111111111111111111,58.8893200000000000000000000247091580716946,2.882467136822592469966666666886517903417178786217418393167600386339996613135799384313e-164
107,89.16731,248.9314166666666666666666666666666666666666666666666666666666666666666666666666666667,59.44487333333333333333333335851089571334765,2.964716092134109826397685185413437176527147819148116208277598971790759272665652172097e-164
108,90.00064,251.2462222222222222222222222222222222222222222222222222222222222222222222222222222222,60.00042666666666666666666669231703146796373333333333333333333333333333333333333333333,3.048514956194688144118518518755409746126167113653356923260284451959777662945672366478e-164
109,90.83397,253.5610277777777777777777777777777777777777777777777777777777777777777777777777777778,60.55598000000000000000000002612756533554285,3.133878196423309599054166666912440083423481999611961244573990208558603441490770009914e-164
110,91.6673,255.8758333333333333333333333333333333333333333333333333333333333333333333333333333333,61.111533333333333333333333359942497316085,3.220820280238956367129629629884532701155022481671257766204827401980782543063154913382e-164
111,92.50063,258.1906388888888888888888888888888888888888888888888888888888888888888888888888888889,61.66708666666666666666666669376182740959018333333333333333333333333333333333333333333,3.309355675060610624269907407671692153583403239247082969666684971310227461641697504927e-164
112,93.33396,260.5054444444444444444444444444444444444444444444444444444444444444444444444444444444,62.2226400000000000000000000275855556160584,3.399498848307254546400000000273923036497923626523781224001229634329589532391289678212e-164
113,94.16729,262.82025,62.77819333333333333333333336141368193548965,3.491264267397870309444907407691229987214567672454204785777905887528631213632205641073e-164
114,95.00062,265.1350555555555555555555555555555555555555555555555555555555555555555555555555555556,63.33374666666666666666666669524620636788393333333333333333333333333333333333333333333,3.584666399751440089329629629923617684576004080759713799093936006112598368809462764066e-164
115,95.83395,267.4498611111111111111111111111111111111111111111111111111111111111111111111111111111,63.88930000000000000000000002908312891324125,3.679719712786946061979166666971090848951586229930176295574320044010592548462182429019e-164
116,96.66728,269.7646666666666666666666666666666666666666666666666666666666666666666666666666666667,64.4448533333333333333333333629244495715616,3.776438673923370403318518518833654242237352173223968194371835833883943272192950877585e-164
117,97.50061,272.0794722222222222222222222222222222222222222222222222222222222222222222222222222222,65.00040666666666666666666669677016834284498333333333333333333333333333333333333333333,3.87483775057969528927268518551131266785602463866797330216703898713458031063718005979e-164
118,98.33394,274.3942777777777777777777777777777777777777777777777777777777777777777777777777777778,65.5559600000000000000000000306202852270914,3.974931410174902895766666667004070970757011029057583313168262893913405967432468482589e-164
119,99.16727,276.7090833333333333333333333333333333333333333333333333333333333333333333333333333333,66.11151333333333333333333336447480022430085,4.076734120127975398725462963311934037416403421956697809111618723128667361187962058412e-164
120,100.0006,279.0238888888888888888888888888888888888888888888888888888888888888888888888888888889,66.66706666666666666666666669833371333447333333333333333333333333333333333333333333333,4.180260347857894974074074074434906795836978569697724259260995422454328707453714953717e-164
121,100.83393,281.3386944444444444444444444444444444444444444444444444444444444444444444444444444444,67.22262000000000000000000003219702455760885,4.285524560783643797737500000372994215548197899381578020408059718338443600690050437542e-164
122,101.66726,283.6535,67.7781733333333333333333333660647338937074,4.392541226324204045640740741126201307606207512877682336872256116011527296236921730056e-164
123,102.50059,285.9683055555555555555555555555555555555555555555555555555555555555555555555555555556,68.33372666666666666666666669993684134276898333333333333333333333333333333333333333333,4.501324811898557893708796296694533124593838186823968340500806899494928992283272851108e-164
124,103.33392,288.2831111111111111111111111111111111111111111111111111111111111111111111111111111111,68.8892800000000000000000000338133469047936,4.61188978492568751786666666707799476062060537262687505066871213160920411183639946878e-164
125,104.16725,290.5979166666666666666666666666666666666666666666666666666666666666666666666666666667,69.44483333333333333333333336769425057978125,4.724250612824575094039351852276591351322709196461349374278749653982486584691309747939e-164
126,105.00058,292.9127222222222222222222222222222222222222222222222222222222222222222222222222222222,70.00038666666666666666666670157955236773193333333333333333333333333333333333333333333,4.838421763014202798151851852290328073863034459270846105761475087058861129400085198785e-164
127,105.83391,295.2275277777777777777777777777777777777777777777777777777777777777777777777777777778,70.55594000000000000000000003546925226864565,4.954417702913552806129166667119210146931150636767327927075221830106735535241241525406e-164
128,106.66724,297.5423333333333333333333333333333333333333333333333333333333333333333333333333333333,71.1114933333333333333333333693633502825224,5.072252899941607293896296296763242830743311879431265407706101061227212944189089474326e-164
129,107.50057,299.8571388888888888888888888888888888888888888888888888888888888888888888888888888889,71.66704666666666666666666670326184640936218333333333333333333333333333333333333333333,5.191941821517348437378240741222431427042457012511637004668001737362464132883095683055e-164
130,108.3339,302.1719444444444444444444444444444444444444444444444444444444444444444444444444444444,72.222600000000000000000000037164740649165,5.313498935059758412500000000496781279098209536025929062502590594304099794597243528647e-164
131,109.16723,304.48675,72.77815333333333333333333337107203300193085,5.436938707987819395186574074586297771706877624760135813279312146701542821209393976242e-164
132,110.00056,306.8015555555555555555555555555555555555555555555555555555555555555555555555555555556,73.33370666666666666666666670498372346765973333333333333333333333333333333333333333333,5.562275607720513561362962963490986331191454128268759376595388688070400585170646427624e-164
133,110.83389,309.1163611111111111111111111111111111111111111111111111111111111111111111111111111111,73.88926000000000000000000003889981204635165,5.689524101676823086954166667210852425401616570874809759575820290800837221474699569769e-164
134,111.66722,311.4311666666666666666666666666666666666666666666666666666666666666666666666666666667,74.4448133333333333333333333728202987380066,5.818698657275730147885185185745901563713727151669804856873384806165945909627212223396e-164
135,112.50055,313.7459722222222222222222222222222222222222222222222222222222222222222222222222222222,75.00036666666666666666666670674518354262458333333333333333333333333333333333333333333,5.949813741936216920081018519096139297030832744513770450668637864330121155615164191519e-164
136,113.33388,316.0607777777777777777777777777777777777777777777777777777777777777777777777777777778,75.5559200000000000000000000406744664602056,6.082883823077265579466666667261571217782664898035240210669912874357431073876217107999e-164
137,114.16721,318.3755833333333333333333333333333333333333333333333333333333333333333333333333333333,76.11147333333333333333333337460814749074965,6.217923368117858301967129630242202959925639835631255694113321024219989669268075286092e-164
138,115.00054,320.6903888888888888888888888888888888888888888888888888888888888888888888888888888889,76.66702666666666666666666670854622663425673333333333333333333333333333333333333333333,6.354946844476977263507407408038040198942858455467366345762751280806329119037846567005e-164
139,115.83387,323.0051944444444444444444444444444444444444444444444444444444444444444444444444444444,77.22258000000000000000000004248870389072685,6.493968719573604640012500000649088651844106330477629497909870389929772054791403168442e-164
140,116.6672,325.32,77.77813333333333333333333337643557926016,6.635003460826722607407407408075354077165853708364610370374122876336803844462742533158e-164
141,117.50053,327.6348055555555555555555555555555555555555555555555555555555555555555555555555555556,78.33368666666666666666666671038685274255618333333333333333333333333333333333333333333,6.778065535655313341617129630316842274971255511599382070502731043715444874283348177509e-164
142,118.33386,329.9496111111111111111111111111111111111111111111111111111111111111111111111111111111,78.8892400000000000000000000443425243379154,6.923169411478359018566666667373559086850151337421525593170694974703622830751550540004e-164
143,119.16719,332.2644166666666666666666666666666666666666666666666666666666666666666666666666666667,79.44479333333333333333333337830259404623765,7.070329555714841814181018519245510395919065457839129820780792530897544982601887829856e-164
144,120.00052,334.5792222222222222222222222222222222222222222222222222222222222222222222222222222222,80.00034666666666666666666671226706186752293333333333333333333333333333333333333333333,7.219560435783743904385185185932702126821206819628791523263579352860070462774466875533e-164
145,120.83385,336.8940277777777777777777777777777777777777777777777777777777777777777777777777777778,80.55590000000000000000000004623592780177125,7.370876519104047465104166667435140245726469044335615358077388860129082550384323973307e-164
146,121.66718,339.2088333333333333333333333333333333333333333333333333333333333333333333333333333333,81.1114533333333333333333333802091918489826,7.524292273094734672262962963752830760331430428273213870208332251225860952690785735809e-164
147,122.50051,341.5236388888888888888888888888888888888888888888888888888888888888888888888888888889,81.66700666666666666666666671418685400915698333333333333333333333333333333333333333333,7.679822165174787701786574074885779719859353942523707492170298503663454087066829940577e-164
148,123.33384,343.8384444444444444444444444444444444444444444444444444444444444444444444444444444444,82.2225600000000000000000000481689142822944,7.83748066276318872960000000083399321506018723293772454400495437395505136296844637861e-164
149,124.16717,346.15325,82.77811333333333333333333338215537266839485,7.997282233278919931628240741597477378210562620134401233281744397622355463903997702914e-164
150,125.0005,348.4680555555555555555555555555555555555555555555555555555555555555555555555555555556,83.33366666666666666666666671614622916745833333333333333333333333333333333333333333333,8.15924134414096348379629629717623838311379709950138165509789088920395462940358027706e-164
151,125.83383,350.7828611111111111111111111111111111111111111111111111111111111111111111111111111111,83.88922000000000000000000005014148377948485,8.323372462768301562029166667570282445099892341194817792078393942263694936988385023729e-164
152,126.66716,353.0976666666666666666666666666666666666666666666666666666666666666666666666666666667,84.4447733333333333333333333841411365044744,8.489690056579916342251851852779615821025534690139369514376031429399052584140058273267e-164
153,127.50049,355.4124722222222222222222222222222222222222222222222222222222222222222222222222222222,85.00032666666666666666666671814518734242698333333333333333333333333333333333333333333,8.658208592994790000389351852804244809274095166028204579671359002249506170270062612234e-164
154,128.33382,357.7272777777777777777777777777777777777777777777777777777777777777777777777777777778,85.5558800000000000000000000521536362933426,8.828942539431904712366666667644175749755629463322998633172710091504908978689037731956e-164
155,129.16715,360.0420833333333333333333333333333333333333333333333333333333333333333333333333333333,86.11143333333333333333333338616648335722125,9.001906363310242654108796297299415023906877951253935207616195906913861258576161277077e-164
156,130.00048,362.3568888888888888888888888888888888888888888888888888888888888888888888888888888889,86.66698666666666666666666672018372853406293333333333333333333333333333333333333333333,9.177114532048786001540740741769969054691265673819705723265705437292082506948509694108e-164
157,130.83381,364.6716944444444444444444444444444444444444444444444444444444444444444444444444444444,87.22254000000000000000000005420537182386765,9.354581513066516930587500001055844306598902349787509487912905450530783750630419079979e-164
158,131.66714,366.9865,87.7780933333333333333333333882314132266354,9.534321773782417617174074075157047285646582372693053696877240493605039828222846030591e-164
159,132.50047,369.3013055555555555555555555555555555555555555555555555555555555555555555555555555556,88.33364666666666666666666672226185274236618333333333333333333333333333333333333333333,9.716349781615470237225462964073584539377784810840553433005932892582161672072728489365e-164
160,133.3338,371.6161111111111111111111111111111111111111111111111111111111111111111111111111111111,88.88920000000000000000000005629669037106,9.900680003984656966666666667805462656862673407302731666673982752630068590242346595797e-164
161,134.16713,373.9309166666666666666666666666666666666666666666666666666666666666666666666666666667,89.44475333333333333333333339033592611271685,1.008732690830895998142268518635268826869809657992081925578416795802566054847868353401e-163
162,135.00046,376.2457222222222222222222222222222222222222222222222222222222222222222222222222222222,90.00030666666666666666666672437955996733673333333333333333333333333333333333333333333,1.027630496200736145741851851971526804700758742130455494576704417216319045218278638128e-163
163,135.83379,378.5605277777777777777777777777777777777777777777777777777777777777777777777777777778,90.55586000000000000000000005842759193491965,1.046762863249884357057916666789320870544136369883218536958094483756263642837912695665e-163
164,136.66712,380.8753333333333333333333333333333333333333333333333333333333333333333333333333333333,91.1114133333333333333333333924800220154656,1.066131238720238849682962963088651699917632785465046504771198117587807410768496266939e-163
165,137.50045,383.1901388888888888888888888888888888888888888888888888888888888888888888888888888889,91.66696666666666666666666672653685020897458333333333333333333333333333333333333333333,1.085737069353697841209490740869519972491606700567465638817404218790604890627969736765e-163
166,138.33378,385.5049444444444444444444444444444444444444444444444444444444444444444444444444444444,92.2225200000000000000000000605980765154466,1.105581801892159549230000000131926372089085294358852968650879465359394830787424218691e-163
167,139.16711,387.81975,92.77807333333333333333333339466370093488165,1.125666883077522191336990740875871586685764213484436312578568313204837414568037639862e-163
168,140.00044,390.1345555555555555555555555555555555555555555555555555555555555555555555555555555556,93.33362666666666666666666672873372346727973333333333333333333333333333333333333333333,1.145993759651683985122962963101356308410007572066294277660192996154351488438010825868e-163
169,140.83377,392.4493611111111111111111111111111111111111111111111111111111111111111111111111111111,93.88918000000000000000000006280814411264085,1.166563878356543148180416666808381233542847951703356259708253525952951790209503585605e-163
170,141.6671,394.7641666666666666666666666666666666666666666666666666666666666666666666666666666667,94.444733333333333333333333396886962870965,1.187378685933997898101851851996947062517986401471402443288027692264086177235570796126e-163
171,142.50043,397.0789722222222222222222222222222222222222222222222222222222222222222222222222222222,95.00028666666666666666666673097017974225218333333333333333333333333333333333333333333,1.208439629125946452479768518667054499921792437923063801717571062670472854607098487497e-163
172,143.33376,399.3937777777777777777777777777777777777777777777777777777777777777777777777777777778,95.5558400000000000000000000650577947265024,1.229748154674287028906666666818704254493304045087822097067716982674937603349739927652e-163
173,144.16709,401.7085833333333333333333333333333333333333333333333333333333333333333333333333333333,96.11139333333333333333333339914980782371565,1.251305709320917844975046296451897039124227674472009880162076575701251008620851707252e-163
174,145.00042,404.0233888888888888888888888888888888888888888888888888888888888888888888888888888889,96.66694666666666666666666673324621903389193333333333333333333333333333333333333333333,1.273113739807737118277407407566633570858938245058810490577038743094965687906429824534e-163
175,145.83375,406.3381944444444444444444444444444444444444444444444444444444444444444444444444444444,97.22250000000000000000000006734702835703125,1.295173692876643066406250000162914570894479143308258056641770164124253519218045770168e-163
176,146.66708,408.653,97.7780533333333333333333334014522357931336,1.317487015269533906954074074240740764580562223157237495438215295980742869289782612117e-163
177,147.50041,410.9678055555555555555555555555555555555555555555555555555555555555555555555555555556,98.33360666666666666666666673556184134219898333333333333333333333333333333333333333333,1.340055153728307857513379629800112881419567806019484512801096373780355821775171080483e-163
178,148.33374,413.2826111111111111111111111111111111111111111111111111111111111111111111111111111111,98.8891600000000000000000000696758450042274,1.362879554994863135676666666841031655066544680785585603317913410564145405444125652372e-163
179,149.16707,415.5974166666666666666666666666666666666666666666666666666666666666666666666666666667,99.44471333333333333333333340379424677921885,1.385961665811097959036435185363497823329210103822978050328944197299132822379880636742e-163
180,150.0004,417.9122222222222222222222222222222222222222222222222222222222222222222222222222222222,100.0002666666666666666666667379170466671733333333333333333333333333333333333333333333,1.409302932918910545185185185367512128167949798975949925927244302879144676175926259259e-163
181,150.83373,420.2270277777777777777777777777777777777777777777777777777777777777777777777777777778,100.55582000000000000000000007204424466809085,1.432904803060199111715416666853075315695817957565640090958647074125650200132944747158e-163
182,151.66706,422.5418333333333333333333333333333333333333333333333333333333333333333333333333333333,101.1113733333333333333333334061758407819714,1.456768722976861876219629629820188136178537238390038195021763635788598485455746414089e-163
183,152.50039,424.8566388888888888888888888888888888888888888888888888888888888888888888888888888889,101.6669266666666666666666667403118350088149833333333333333333333333333333333333333333,1.48089613941079705629032407426885134403449876772398467646798289054725570945020574498e-163
184,153.33372,427.1714444444444444444444444444444444444444444444444444444444444444444444444444444444,102.2224800000000000000000000744522273486216,1.505288499103902869520000000199065697834762139319170762401471519011042363720197480887e-163
185,154.16705,429.48625,102.77803333333333333333333340859701780139125,1.529947248798077533501157407610831960303055414404138468679173979720370482364532703851e-163
186,155.00038,431.8010555555555555555555555555555555555555555555555555555555555555555555555555555556,103.3335866666666666666666667427462063671239333333333333333333333333333333333333333333,1.554873835235219265826296296504150898315775121684280599910812509147480870173894921756e-163
187,155.83371,434.1158611111111111111111111111111111111111111111111111111111111111111111111111111111,103.88914000000000000000000007689979304581965,1.580069705157226284087916666879023282901986257341840749458887121697280330827776153178e-163
188,156.66704,436.4306666666666666666666666666666666666666666666666666666666666666666666666666666667,104.4446933333333333333333334110577778374784,1.605536305305996805878518518735449889243422285035913299438675609708178895091413012244e-163
189,157.50037,438.7454722222222222222222222222222222222222222222222222222222222222222222222222222222,105.0002466666666666666666667452201607421001833333333333333333333333333333333333333333,1.631275082423429048790601852073431496674485135902443420718233543452927049012722793487e-163
190,158.3337,441.0602777777777777777777777777777777777777777777777777777777777777777777777777777778,105.555800000000000000000000079386941759685,1.657287483251421230416666666892968888682245208554227072918394271139452962119239556701e-163
191,159.16703,443.3750833333333333333333333333333333333333333333333333333333333333333333333333333333,106.11135333333333333333333341355812089023285,1.683574954531871568349212963194062852906441369080911004412768918911699715615050211796e-163
192,160.00036,445.6898888888888888888888888888888888888888888888888888888888888888888888888888888889,106.6669066666666666666666667477336981337437333333333333333333333333333333333333333333,1.71013894300667828018074074097671418113948095104899275232774639085046253057773060365e-163
193,160.83369,448.0046944444444444444444444444444444444444444444444444444444444444444444444444444444,107.22246000000000000000000008191367349021765,1.736980895417739583503750000240923669326439755501820642542493368974225996155281596971e-163
194,161.66702,450.3195,107.7780133333333333333333334160980469596546,1.764102258506953695910740740986692117565062050959593789688954313240001297763065161145e-163
195,162.50035,452.6343055555555555555555555555555555555555555555555555555555555555555555555555555556,108.3335666666666666666666667502868185420545833333333333333333333333333333333333333333,1.791504479016218834994212963214020330105760573419362097151851461544163445280740455094e-163
196,163.33368,454.9491111111111111111111111111111111111111111111111111111111111111111111111111111111,108.8891200000000000000000000844799882374176,1.819189003687433218346666666922909115351616526355026257068684829723288501249199912134e-163
197,164.16701,457.2639166666666666666666666666666666666666666666666666666666666666666666666666666667,109.44467333333333333333333341867755604574365,1.847157279262495063560601852113359285858379580717337750329732211554990809067505324825e-163
198,165.00034,459.5787222222222222222222222222222222222222222222222222222222222222222222222222222222,110.0002266666666666666666667528795219670327333333333333333333333333333333333333333333,1.875410752483302588228518518785371658334467874933898846578049178758760221189823929828e-163
199,165.83367,461.8935277777777777777777777777777777777777777777777777777777777777777777777777777778,110.55578000000000000000000008708588600128485,1.903950870091754009942916666938947053640968014909162604209469080996799327322364492764e-163
200,166.667,464.2083333333333333333333333333333333333333333333333333333333333333333333333333333333,111.1113333333333333333333334212966481485,1.932779078829747546296296296574086296791635074024432870372603045874860682620313393061e-163
201,167.50033,466.5231388888888888888888888888888888888888888888888888888888888888888888888888888889,111.6668866666666666666666667555118084086781833333333333333333333333333333333333333333,1.961896825439181414881157407690790216952892593137864280968839978943084035884770708818e-163
202,168.33366,468.8379444444444444444444444444444444444444444444444444444444444444444444444444444444,112.2224400000000000000000000897313667818194,1.991305556661953833290000000289059647443832580584462260652346563696833557759686301653e-163
203,169.16699,471.15275,112.77799333333333333333333342395532326792365,2.021006719239963019115324074368895425736215512176083022830067261577535068928795901563e-163
204,170.00032,473.4675555555555555555555555555555555555555555555555555555555555555555555555555555556,113.3335466666666666666666667581836778669909333333333333333333333333333333333333333333,2.051001759915107189949629629930298393454470331201433569661724311973513268312557191775e-163
205,170.83365,475.7823611111111111111111111111111111111111111111111111111111111111111111111111111111,113.88910000000000000000000009241643057902125,2.081292125429284563385416666973269396375694448426071692059817732220828961265085893605e-163
206,171.66698,478.0971666666666666666666666666666666666666666666666666666666666666666666666666666667,114.4446533333333333333333334266535814040146,2.111879262524393357015185185497809284429653742092405969689625317604116287771091851311e-163
207,172.50031,480.4119722222222222222222222222222222222222222222222222222222222222222222222222222222,115.0002066666666666666666667608951303419709833333333333333333333333333333333333333333,2.142764617942331788431435185503918911698782557919695770969202641357419950642815116948e-163
208,173.33364,482.7267777777777777777777777777777777777777777777777777777777777777777777777777777778,115.5557600000000000000000000951410773928904,2.173949638424998075226666666991599136418183709104051253069383054665032443716962035224e-163
209,174.16697,485.0415833333333333333333333333333333333333333333333333333333333333333333333333333333,116.11131333333333333333333342939142255677285,2.205435770714290434993379629960850820975628476318433361913777686662331280051641328354e-163
210,175.0003,487.3563888888888888888888888888888888888888888888888888888888888888888888888888888889,116.6668666666666666666666667636461658336183333333333333333333333333333333333333333333,2.237224461552107085324074074411674831911556607712653832178775444436616220123300180917e-163
211,175.83363,489.6711944444444444444444444444444444444444444444444444444444444444444444444444444444,117.22242000000000000000000009790530722342685,2.269317157680346243811250000344072039919076318913375187293543013027946500023660324709e-163
212,176.66696,491.986,117.7779733333333333333333334321688467261984,2.301715305840906128047407407758043319843964293024110739440024855429978059656654123599e-163
213,177.50029,494.3008055555555555555555555555555555555555555555555555555555555555555555555555555556,118.3335266666666666666666667664367843419329833333333333333333333333333333333333333333,2.334420352775684955625046296653589550684665680625224589552943212590800770935360658385e-163
214,178.33362,496.6156111111111111111111111111111111111111111111111111111111111111111111111111111111,118.8890800000000000000000001007091200706306,2.367433745226580944136666667030711615592294099773931627319798103413775665978941811646e-163
215,179.16695,498.9304166666666666666666666666666666666666666666666666666666666666666666666666666667,119.44463333333333333333333343498585391229125,2.400756929935492311174768518889410401870631636004297531180867324758372165309578352602e-163
216,180.00028,501.2452222222222222222222222222222222222222222222222222222222222222222222222222222222,120.0001866666666666666666667692669858669149333333333333333333333333333333333333333333,2.434391353644317274331851852229686800976128842327238768329206451441005306049406021966e-163
217,180.83361,503.5600277777777777777777777777777777777777777777777777777777777777777777777777777778,120.55574000000000000000000010355251593450165,2.468338463094954051200416667051541708517904739230522594710648836235872970117451616798e-163
218,181.66694,505.8748333333333333333333333333333333333333333333333333333333333333333333333333333333,121.1112933333333333333333334378424441150514,2.502599705029300859372962963354976024257746814678767055023805609875793112426569075362e-163
219,182.50027,508.1896388888888888888888888888888888888888888888888888888888888888888888888888888889,121.6668466666666666666666667721367704085641833333333333333333333333333333333333333333,2.537176526189255916441990741139990652110111024113440982720065681053040989080375561983e-163
220,183.3336,510.5044444444444444444444444444444444444444444444444444444444444444444444444444444444,122.22240000000000000000000010643549481504,2.572070373316717440000000000406586500142121790452864000003595736420186385570187551898e-163
221,184.16693,512.81925,122.77795333333333333333333344073861733447885,2.607282693153583647639490741154764480573572004092206517831340240590930844971956916112e-163
222,185.00026,515.1340555555555555555555555555555555555555555555555555555555555555555555555555555556,123.3335066666666666666666667750461379668807333333333333333333333333333333333333333333,2.642814932441752756952962963384525509776923022903489735913021436140944896143207006256e-163
223,185.83359,517.4488611111111111111111111111111111111111111111111111111111111111111111111111111111,123.88906000000000000000000010935805671224565,2.678668537923122985532916667095870508277304672235585642711139343608705281919968739441e-163
224,186.66692,519.7636666666666666666666666666666666666666666666666666666666666666666666666666666667,124.4446133333333333333333334436743735705736,2.714844956339592550971851852288800400752515244914217015440971761496332187313716683109e-163
225,187.50025,522.0784722222222222222222222222222222222222222222222222222222222222222222222222222222,125.0001666666666666666666667779950885418645833333333333333333333333333333333333333333,2.751345634433059670862268518963316116033021501241957420070574266270426467708305139895e-163
226,188.33358,524.3932777777777777777777777777777777777777777777777777777777777777777777777777777778,125.5557200000000000000000001123202016261186,2.788172018945422562796666667119418587101958668998231211320780212362906877056904232476e-163
227,189.16691,526.7080833333333333333333333333333333333333333333333333333333333333333333333333333333,126.11127333333333333333333344664971282333565,2.82532555661857944436754629675710875109513044343931353266520073217184729607893598843e-163
228,190.00024,529.0228888888888888888888888888888888888888888888888888888888888888888888888888888889,126.6668266666666666666666667809836221335157333333333333333333333333333333333333333333,2.86280769419442853316740740787638754930100898729833031633022473606231396045701042509e-163
229,190.83357,531.3376944444444444444444444444444444444444444444444444444444444444444444444444444444,127.22238000000000000000000011532192955665885,2.900619878414868046788750000477255927160734930785258283295018912367202689033861634398e-163
230,191.6669,533.6525,127.777933333333333333333333449664635092765,2.938763556021796202824074074559714834268117371586924943291527727388076112009283867762e-163
231,192.50023,535.9673055555555555555555555555555555555555555555555555555555555555555555555555555556,128.3334866666666666666666667840117387418341833333333333333333333333333333333333333333,2.977240173757111218865879630123765224369633874867008594804473425396000899137067620908e-163
232,193.33356,538.2821111111111111111111111111111111111111111111111111111111111111111111111111111111,128.8890400000000000000000001183632405038664,3.01605117836271131250666666716940805536443047326603832507135602863238498792193571874e-163
233,194.16689,540.5969166666666666666666666666666666666666666666666666666666666666666666666666666667,129.44459333333333333333333345271914037886165,3.055198016580494701338935185696644289304321666901394010082453337309814811816479400191e-163
234,195.00022,542.9117222222222222222222222222222222222222222222222222222222222222222222222222222222,130.0001466666666666666666667870794383668199333333333333333333333333333333333333333333,3.094682135152359602955185185705474892393790423367306314580820929612892528418094403079e-163
235,195.83355,545.2265277777777777777777777777777777777777777777777777777777777777777777777777777778,130.55570000000000000000000012144413446774125,3.134504980820204234947916667195900834989988177734856692062292161699073247665917048963e-163
236,196.66688,547.5413333333333333333333333333333333333333333333333333333333333333333333333333333333,131.1112533333333333333333334558132286816256,3.174668000325926814909629630167923091602734832551977384775478167699502260037760327998e-163
237,197.50021,549.8561388888888888888888888888888888888888888888888888888888888888888888888888888889,131.6668066666666666666666667901867210084729833333333333333333333333333333333333333333,3.215172640411425560432824074621542640894518757843451423721767859719852264747049983791e-163
238,198.33354,552.1709444444444444444444444444444444444444444444444444444444444444444444444444444444,132.2223600000000000000000001245646114482834,3.256020347818598689110000000556760465680496791110912628655327927841160597939760598251e-163
239,199.16687,554.48575,132.77791333333333333333333345894690000105685,3.297212569289344418533657407973577552928494237332845608083102840120666460891351676452e-163
240,200.0002,556.8005555555555555555555555555555555555555555555555555555555555555555555555555555556,133.3334666666666666666666667933335866667933333333333333333333333333333333333333333333,3.338750751565560966296296296871994893759004868964585759264814842592648148203703731481e-163
241,200.83353,559.1153611111111111111111111111111111111111111111111111111111111111111111111111111111,133.88902000000000000000000012772467144549285,3.3806363413891465499904166672520134834451909259383192682129639592692602760020543693e-163
242,201.66686,561.4301666666666666666666666666666666666666666666666666666666666666666666666666666667,134.4445733333333333333333334621201543371554,3.422870785501999387208518519113634321412883115663083109692827992141371010131934373594e-163
243,202.50019,563.7449722222222222222222222222222222222222222222222222222222222222222222222222222222,135.0001266666666666666666667965200353417809833333333333333333333333333333333333333333,3.465455530646017695543101852456858411240580613024765047222462521179399294356103790631e-163
244,203.33352,566.0597777777777777777777777777777777777777777777777777777777777777777777777777777778,135.5556800000000000000000001309243144593696,3.508392023563099692586666667281686760659451060386103633072700904334152078551488014114e-163
245,204.16685,568.3745833333333333333333333333333333333333333333333333333333333333333333333333333333,136.11123333333333333333333346533299168992125,3.55168171099514359593171296358812038155333056758668820826715427753766154690611387004e-163
246,205.00018,570.6893888888888888888888888888888888888888888888888888888888888888888888888888888889,136.6667866666666666666666667997460670334359333333333333333333333333333333333333333333,3.595326039684047623170740741376160289958723711942958902582211554704022346116045701551e-163
247,205.83351,573.0041944444444444444444444444444444444444444444444444444444444444444444444444444444,137.22234000000000000000000013416354048991365,3.639326456371709991896250000645807506064803538248206634547039427730228813582321453792e-163
248,206.66684,575.319,137.7778933333333333333333334685854120593544,3.683684407800028919700740741397063054213411558772573111443582366497012205607888758763e-163
249,207.50017,577.6338055555555555555555555555555555555555555555555555555555555555555555555555555556,138.3334466666666666666666668030116817417581833333333333333333333333333333333333333333,3.72840134071090262417671296362992796289905775326305082930656261886967792559454102018e-163
250,208.3335,579.9486111111111111111111111111111111111111111111111111111111111111111111111111111111,138.889000000000000000000000137442349537125,3.773478701846229322916666667344403264768920568943483072923480210698942752239853498322e-163
251,209.16683,582.2634166666666666666666666666666666666666666666666666666666666666666666666666666667,139.44455333333333333333333347187741544545485,3.818917937947907233513101852540489996622846920514563915834612945821772067734119394893e-163
252,210.00016,584.5782222222222222222222222222222222222222222222222222222222222222222222222222222222,140.0001066666666666666666668063168794667477333333333333333333333333333333333333333333,3.864720495757834573558518519218189199413352190153838220333016406062217085957285937873e-163
253,210.83349,586.8930277777777777777777777777777777777777777777777777777777777777777777777777777778,140.55566000000000000000000014076074160100365,3.910887822017909560645416667377501918245620227515701637464523951232252080675890466375e-163
254,211.66682,589.2078333333333333333333333333333333333333333333333333333333333333333333333333333333,141.1112133333333333333333334752090018482226,3.957421363470030412366296297018429202377503349731400607027746719132611613739996515501e-163
255,212.50015,591.5226388888888888888888888888888888888888888888888888888888888888888888888888888889,141.6667666666666666666666668096616602084045833333333333333333333333333333333333333333,4.004322566856095346313657408140972105219522341409032357574073625553627763280129901193e-163
256,213.33348,593.8374444444444444444444444444444444444444444444444444444444444444444444444444444444,142.2223200000000000000000001441187166815496,4.051592878918002580080000000745131684334866454633544906407671364276067351904214805094e-163
257,214.16681,596.15225,142.77787333333333333333333347858017126765765,4.099233746397650331257824074830909001439393408966737059585484407071969174894509859398e-163
258,215.00014,598.4670555555555555555555555555555555555555555555555555555555555555555555555555555556,143.3334266666666666666666668130460239667287333333333333333333333333333333333333333333,4.147246616036936817439629630398305122401629391447258411917235003705481228404544231707e-163
259,215.83347,600.7818611111111111111111111111111111111111111111111111111111111111111111111111111111,143.88898000000000000000000014751627477876285,4.195632934577760256217916667447321117242769056590609346965423181933697937656053709887e-163
260,216.6668,603.0966666666666666666666666666666666666666666666666666666666666666666666666666666667,144.44453333333333333333333348199092370376,4.244394148762018865185185185977958060136675526389141037045326747507497385135916786923e-163
261,217.50013,605.4114722222222222222222222222222222222222222222222222222222222222222222222222222222,145.0000866666666666666666668164699707417201833333333333333333333333333333333333333333,4.293531705331610861933935185990217029409880390312055443225001284172378538793090745771e-163
262,218.33346,607.7262777777777777777777777777777777777777777777777777777777777777777777777777777778,145.5556400000000000000000001509534158926434,4.343047051028434464056666667484099107541583705305405315325280153669298480235547744219e-163
263,219.16679,610.0410833333333333333333333333333333333333333333333333333333333333333333333333333333,146.11119333333333333333333348544125915652965,4.392941632594387889145879630459605381163653995792094191919774495735509632927210899736e-163
264,220.00012,612.3558888888888888888888888888888888888888888888888888888888888888888888888888888889,146.6667466666666666666666668199335005333789333333333333333333333333333333333333333333,4.44321689677136935479407407491673694106062825367187640033487322810539699038489037433e-163
265,220.83345,614.6706944444444444444444444444444444444444444444444444444444444444444444444444444444,147.22230000000000000000000015443014002319125,4.493874290301277078593750000855494882169711938321357056649743046511315344375219459405e-163
266,221.66678,616.9855,147.7778533333333333333333334889311776259666,4.544915259926009278137407408275880303580778976593992065696328424684426513111590660611e-163
267,222.50011,619.3003055555555555555555555555555555555555555555555555555555555555555555555555555556,148.3334066666666666666666668234366133417049833333333333333333333333333333333333333333,4.596341252387464171017546297177894308536371762820088121059351614355536569451091782703e-163
268,223.33344,621.6151111111111111111111111111111111111111111111111111111111111111111111111111111111,148.8889600000000000000000001579464471704064,4.648153714427539974826666667561538004431701158806802705076312645255933069091442014398e-163
269,224.16677,623.9299166666666666666666666666666666666666666666666666666666666666666666666666666667,149.44451333333333333333333349246067911207085,4.700354092788134907157268519426812502814646493838144088837489325118222278767928013224e-163
270,225.0001,626.2447222222222222222222222222222222222222222222222222222222222222222222222222222222,150.0000666666666666666666668269793091666983333333333333333333333333333333333333333333,4.752943834211147185601851852773718919385755564674971332185937239677166404450339990379e-163
271,225.83343,628.5595277777777777777777777777777777777777777777777777777777777777777777777777777778,150.55562000000000000000000016150233733428885,4.805924385438475027752916667602258373998244635554994283717489752670520819539907795587e-163
272,226.66676,630.8743333333333333333333333333333333333333333333333333333333333333333333333333333333,151.1111733333333333333333334960297636148424,4.85929719321201665120296296391243199065799843819277358078075800583987129306623700195e-163
273,227.50009,633.1891388888888888888888888888888888888888888888888888888888888888888888888888888889,151.6667266666666666666666668305615880083589833333333333333333333333333333333333333333,4.913063704273670273544490741704240897523570171779720649477130918931471217884244990807e-163
274,228.33342,635.5039444444444444444444444444444444444444444444444444444444444444444444444444444444,152.2222800000000000000000001650978105148386,4.967225365365334112370000000977686226906181502984097704660775189697078838871097036583e-163
275,229.16675,637.81875,152.77783333333333333333333349963843113428125,5.021783623228906385271990741732769115269722565951017749938635293894794481123142391653e-163
276,230.00008,640.1335555555555555555555555555555555555555555555555555555555555555555555555555555556,153.3333866666666666666666668341834498666869333333333333333333333333333333333333333333,5.076739924606285309842962963969490703230751962302444577670433485289897778152850371188e-163
277,230.83341,642.4483611111111111111111111111111111111111111111111111111111111111111111111111111111,153.88894000000000000000000016873286671205565,5.132095716239369103675416667687852135558496761137192768968669795655684900085746438016e-163
278,231.66674,644.7631666666666666666666666666666666666666666666666666666666666666666666666666666667,154.4444933333333333333333335032866816703874,5.187852444870055984361851852887854561174852499030927693698622034774305781857348287476e-163
279,232.50007,647.0779722222222222222222222222222222222222222222222222222222222222222222222222222222,155.0000466666666666666666668378448947416821833333333333333333333333333333333333333333,5.24401155724024416949476851956949913315438318003616551047834579043760135141010193227e-163
280,233.3334,649.3927777777777777777777777777777777777777777777777777777777777777777777777777777778,155.55560000000000000000000017240750592594,5.300574500091831876666666667732787008724321275682273166678674428447940757890317787323e-163
281,234.16673,651.7075833333333333333333333333333333333333333333333333333333333333333333333333333333,156.11115333333333333333333350697451522316085,5.357542720166717323470046297377719349264567724975468398423219092619058599845106754634e-163
282,235.00006,654.0223888888888888888888888888888888888888888888888888888888888888888888888888888889,156.6667066666666666666666668415459226333447333333333333333333333333333333333333333333,5.414917664206798727497407408504297320307691934398819730588368704776892153419316308135e-163
283,235.83339,656.3371944444444444444444444444444444444444444444444444444444444444444444444444444444,157.22226000000000000000000017612172815649165,5.472700778953974306341250001112522091538931777912246476803289964760418600552466578541e-163
284,236.66672,658.652,157.7778133333333333333333335107019317926016,5.530893511150142277594074075202394836796193596952518739449927350422492257175686438209e-163
285,237.50005,660.9668055555555555555555555555555555555555555555555555555555555555555555555555555556,158.3333666666666666666666668452865335416745833333333333333333333333333333333333333333,5.589497307537200858848379630773916734070052200433257409663003117630681801408649585994e-163
286,238.33338,663.2816111111111111111111111111111111111111111111111111111111111111111111111111111111,158.8889200000000000000000001798755334037106,5.6485136148570482676966666678270889655037508647449341673300173002681075017565106321e-163
287,239.16671,665.5964166666666666666666666666666666666666666666666666666666666666666666666666666667,159.44447333333333333333333351446893137870965,5.707943879851582721731435186361912717393201333754871481091247710234278445306841182937e-163
288,240.00004,667.9112222222222222222222222222222222222222222222222222222222222222222222222222222222,160.0000266666666666666666668490667274666717333333333333333333333333333333333333333333,5.767789549262702438545185186378389180186983818807242608339749937445929765926565925979e-163
289,240.83337,670.2260277777777777777777777777777777777777777777777777777777777777777777777777777778,160.55558000000000000000000018366892166759685,5.828052069832305635730416667876519548486346998723071595221357349837859872458898714615e-163
290,241.6667,672.5408333333333333333333333333333333333333333333333333333333333333333333333333333333,161.111133333333333333333333518275513981485,5.888732888302290530879629630856305021045208019800233276634681093363767676920278653004e-163
291,242.50003,674.8556388888888888888888888888888888888888888888888888888888888888888888888888888889,161.6666866666666666666666668528865044083361833333333333333333333333333333333333333333,5.949833451414555341585324075317746800770152495813453276231110091997089822697306180934e-163
292,243.33336,677.1704444444444444444444444444444444444444444444444444444444444444444444444444444444,162.2222400000000000000000001875018929481504,6.011355205910998285440000001260846094720434508014308006414811047731837912743679158676e-163
293,244.16669,679.48525,162.77779333333333333333333352212167960092765,6.073299598533517580036157408685604114107976605131224668342728440583435737777128951834e-163
294,245.00002,681.8000555555555555555555555555555555555555555555555555555555555555555555555555555556,163.3333466666666666666666668567458643666679333333333333333333333333333333333333333333,6.135668076024011442966296297592022074297369803369481251924584528589556504476356516207e-163
295,245.83335,684.1148611111111111111111111111111111111111111111111111111111111111111111111111111111,163.88890000000000000000000019137444724537125,6.198462085124378091822916667980101194805873586411206535822879347810960063677968482641e-163
296,246.66668,686.4296666666666666666666666666666666666666666666666666666666666666666666666666666667,164.4444533333333333333333335260074282370376,6.261683072576515744198518519849842699303415905415380087452890712332330138573413241885e-163
297,247.50001,688.7444722222222222222222222222222222222222222222222222222222222222222222222222222222,165.0000066666666666666666668606448073416669833333333333333333333333333333333333333333,6.325332485122322617685601853201247815612593179017832262982674214263111552905917029442e-163
298,248.33334,691.0592777777777777777777777777777777777777777777777777777777777777777777777777777778,165.5555600000000000000000001952865845592594,6.389411769503696929876666668034317775708670293331244207333063223738347459167420010431e-163
299,249.16667,693.3740833333333333333333333333333333333333333333333333333333333333333333333333333333,166.11111333333333333333333352993275988981485,6.453922372462536898364212964349053815719580601945147854177668888919516566795512364438e-163
300,250.0,695.6888888888888888888888888888888888888888888888888888888888888888888888888888888889,166.6666666666666666666666668645833333333333333333333333333333333333333333333333333333,6.51886574074074074074074074214545717592592592592592592594288013599537037037037037037e-163
